name,face_name,face,set,collector_number,version,url,local_path,download_status,size_bytes,sha256
"Malcolm, Keen-Eyed Navigator","Malcolm, Keen-Eyed Navigator",front,lcc,161,small,https://cards.scryfall.io/small/front/5/1/51187cdb-85ee-4f68-9e29-d84d296f0825.jpg?1783913885,/mnt/data/malcolm_breeches_card_ingestion/offline_snapshot/images/small/lcc_161_malcolm_keen_eyed_navigator_front_small.jpg,pending_external_download,,
"Malcolm, Keen-Eyed Navigator","Malcolm, Keen-Eyed Navigator",front,lcc,161,normal,https://cards.scryfall.io/normal/front/5/1/51187cdb-85ee-4f68-9e29-d84d296f0825.jpg?1783913885,/mnt/data/malcolm_breeches_card_ingestion/offline_snapshot/images/normal/lcc_161_malcolm_keen_eyed_navigator_front_normal.jpg,pending_external_download,,
"Breeches, Brazen Plunderer","Breeches, Brazen Plunderer",front,lcc,217,small,https://cards.scryfall.io/small/front/f/b/fb6dc94e-9b57-4161-a835-15e46c3bb13a.jpg?1783913866,/mnt/data/malcolm_breeches_card_ingestion/offline_snapshot/images/small/lcc_217_breeches_brazen_plunderer_front_small.jpg,pending_external_download,,
"Breeches, Brazen Plunderer","Breeches, Brazen Plunderer",front,lcc,217,normal,https://cards.scryfall.io/normal/front/f/b/fb6dc94e-9b57-4161-a835-15e46c3bb13a.jpg?1783913866,/mnt/data/malcolm_breeches_card_ingestion/offline_snapshot/images/normal/lcc_217_breeches_brazen_plunderer_front_normal.jpg,pending_external_download,,
Glint-Horn Buccaneer,Glint-Horn Buccaneer,front,pm20,141p,small,https://cards.scryfall.io/small/front/7/7/77ebcca3-fc2c-4a99-b637-110080d5573d.jpg?1783932876,/mnt/data/malcolm_breeches_card_ingestion/offline_snapshot/images/small/pm20_141p_glint_horn_buccaneer_front_small.jpg,pending_external_download,,
Glint-Horn Buccaneer,Glint-Horn Buccaneer,front,pm20,141p,normal,https://cards.scryfall.io/normal/front/7/7/77ebcca3-fc2c-4a99-b637-110080d5573d.jpg?1783932876,/mnt/data/malcolm_breeches_card_ingestion/offline_snapshot/images/normal/pm20_141p_glint_horn_buccaneer_front_normal.jpg,pending_external_download,,
Curiosity,Curiosity,front,a25,52,small,https://cards.scryfall.io/small/front/f/d/fdd040ac-7e96-4082-a2d9-13d7dd26829e.jpg?1783935180,/mnt/data/malcolm_breeches_card_ingestion/offline_snapshot/images/small/a25_52_curiosity_front_small.jpg,pending_external_download,,
Curiosity,Curiosity,front,a25,52,normal,https://cards.scryfall.io/normal/front/f/d/fdd040ac-7e96-4082-a2d9-13d7dd26829e.jpg?1783935180,/mnt/data/malcolm_breeches_card_ingestion/offline_snapshot/images/normal/a25_52_curiosity_front_normal.jpg,pending_external_download,,
"Niv-Mizzet, the Firemind","Niv-Mizzet, the Firemind",front,c17,185,small,https://cards.scryfall.io/small/front/1/1/110bc297-06bd-42e2-8ea1-59f6a81e5c53.jpg?1783935877,/mnt/data/malcolm_breeches_card_ingestion/offline_snapshot/images/small/c17_185_niv_mizzet_the_firemind_front_small.jpg,pending_external_download,,
"Niv-Mizzet, the Firemind","Niv-Mizzet, the Firemind",front,c17,185,normal,https://cards.scryfall.io/normal/front/1/1/110bc297-06bd-42e2-8ea1-59f6a81e5c53.jpg?1783935877,/mnt/data/malcolm_breeches_card_ingestion/offline_snapshot/images/normal/c17_185_niv_mizzet_the_firemind_front_normal.jpg,pending_external_download,,
Psychosis Crawler,Psychosis Crawler,front,blc,282,small,https://cards.scryfall.io/small/front/8/f/8fa39403-6de1-4b05-bc95-e24a89b7fdf7.jpg?1783910647,/mnt/data/malcolm_breeches_card_ingestion/offline_snapshot/images/small/blc_282_psychosis_crawler_front_small.jpg,pending_external_download,,
Psychosis Crawler,Psychosis Crawler,front,blc,282,normal,https://cards.scryfall.io/normal/front/8/f/8fa39403-6de1-4b05-bc95-e24a89b7fdf7.jpg?1783910647,/mnt/data/malcolm_breeches_card_ingestion/offline_snapshot/images/normal/blc_282_psychosis_crawler_front_normal.jpg,pending_external_download,,
Dualcaster Mage,Dualcaster Mage,front,c20,150,small,https://cards.scryfall.io/small/front/a/3/a3508f2a-a800-4e55-8f65-29bd2f0aefb4.jpg?1783931172,/mnt/data/malcolm_breeches_card_ingestion/offline_snapshot/images/small/c20_150_dualcaster_mage_front_small.jpg,pending_external_download,,
Dualcaster Mage,Dualcaster Mage,front,c20,150,normal,https://cards.scryfall.io/normal/front/a/3/a3508f2a-a800-4e55-8f65-29bd2f0aefb4.jpg?1783931172,/mnt/data/malcolm_breeches_card_ingestion/offline_snapshot/images/normal/c20_150_dualcaster_mage_front_normal.jpg,pending_external_download,,
Twinflame,Twinflame,front,soc,258,small,https://cards.scryfall.io/small/front/8/5/85c863ef-b266-410d-87b3-ced791f99966.jpg?1783903769,/mnt/data/malcolm_breeches_card_ingestion/offline_snapshot/images/small/soc_258_twinflame_front_small.jpg,pending_external_download,,
Twinflame,Twinflame,front,soc,258,normal,https://cards.scryfall.io/normal/front/8/5/85c863ef-b266-410d-87b3-ced791f99966.jpg?1783903769,/mnt/data/malcolm_breeches_card_ingestion/offline_snapshot/images/normal/soc_258_twinflame_front_normal.jpg,pending_external_download,,
Electroduplicate,Electroduplicate,front,fdn,85,small,https://cards.scryfall.io/small/front/a/b/abb06b1c-5d4e-49b9-9c4a-e60ab656a257.jpg?1783909104,/mnt/data/malcolm_breeches_card_ingestion/offline_snapshot/images/small/fdn_85_electroduplicate_front_small.jpg,pending_external_download,,
Electroduplicate,Electroduplicate,front,fdn,85,normal,https://cards.scryfall.io/normal/front/a/b/abb06b1c-5d4e-49b9-9c4a-e60ab656a257.jpg?1783909104,/mnt/data/malcolm_breeches_card_ingestion/offline_snapshot/images/normal/fdn_85_electroduplicate_front_normal.jpg,pending_external_download,,
Lightning-Rig Crew,Lightning-Rig Crew,front,xln,150,small,https://cards.scryfall.io/small/front/e/b/eb4a34ce-94d5-4e4d-97cc-1326cf5241f5.jpg?1783935743,/mnt/data/malcolm_breeches_card_ingestion/offline_snapshot/images/small/xln_150_lightning_rig_crew_front_small.jpg,pending_external_download,,
Lightning-Rig Crew,Lightning-Rig Crew,front,xln,150,normal,https://cards.scryfall.io/normal/front/e/b/eb4a34ce-94d5-4e4d-97cc-1326cf5241f5.jpg?1783935743,/mnt/data/malcolm_breeches_card_ingestion/offline_snapshot/images/normal/xln_150_lightning_rig_crew_front_normal.jpg,pending_external_download,,
Crab Umbra,Crab Umbra,front,roe,58,small,https://cards.scryfall.io/small/front/3/f/3fe6e1ce-bc46-4f86-9504-f8cc062ed3c6.jpg?1783941999,/mnt/data/malcolm_breeches_card_ingestion/offline_snapshot/images/small/roe_58_crab_umbra_front_small.jpg,pending_external_download,,
Crab Umbra,Crab Umbra,front,roe,58,normal,https://cards.scryfall.io/normal/front/3/f/3fe6e1ce-bc46-4f86-9504-f8cc062ed3c6.jpg?1783941999,/mnt/data/malcolm_breeches_card_ingestion/offline_snapshot/images/normal/roe_58_crab_umbra_front_normal.jpg,pending_external_download,,
Drift of Phantasms,Drift of Phantasms,front,plst,RAV-46,small,https://cards.scryfall.io/small/front/f/5/f5388f0c-d7d7-40d7-ae23-589c80ecd881.jpg?1783929716,/mnt/data/malcolm_breeches_card_ingestion/offline_snapshot/images/small/plst_RAV-46_drift_of_phantasms_front_small.jpg,pending_external_download,,
Drift of Phantasms,Drift of Phantasms,front,plst,RAV-46,normal,https://cards.scryfall.io/normal/front/f/5/f5388f0c-d7d7-40d7-ae23-589c80ecd881.jpg?1783929716,/mnt/data/malcolm_breeches_card_ingestion/offline_snapshot/images/normal/plst_RAV-46_drift_of_phantasms_front_normal.jpg,pending_external_download,,
Muddle the Mixture,Muddle the Mixture,front,rvr,50,small,https://cards.scryfall.io/small/front/e/6/e69d760c-48fb-4e7f-8611-547b0c22928c.jpg?1783913334,/mnt/data/malcolm_breeches_card_ingestion/offline_snapshot/images/small/rvr_50_muddle_the_mixture_front_small.jpg,pending_external_download,,
Muddle the Mixture,Muddle the Mixture,front,rvr,50,normal,https://cards.scryfall.io/normal/front/e/6/e69d760c-48fb-4e7f-8611-547b0c22928c.jpg?1783913334,/mnt/data/malcolm_breeches_card_ingestion/offline_snapshot/images/normal/rvr_50_muddle_the_mixture_front_normal.jpg,pending_external_download,,
Dizzy Spell,Dizzy Spell,front,rav,43,small,https://cards.scryfall.io/small/front/6/e/6e0db10d-fb6d-44df-9ff2-6f1e0e8f8209.jpg?1783943689,/mnt/data/malcolm_breeches_card_ingestion/offline_snapshot/images/small/rav_43_dizzy_spell_front_small.jpg,pending_external_download,,
Dizzy Spell,Dizzy Spell,front,rav,43,normal,https://cards.scryfall.io/normal/front/6/e/6e0db10d-fb6d-44df-9ff2-6f1e0e8f8209.jpg?1783943689,/mnt/data/malcolm_breeches_card_ingestion/offline_snapshot/images/normal/rav_43_dizzy_spell_front_normal.jpg,pending_external_download,,
Step Through,Step Through,front,mh2,392,small,https://cards.scryfall.io/small/front/c/5/c5688978-1744-4986-bda3-09629541b827.jpg?1783926737,/mnt/data/malcolm_breeches_card_ingestion/offline_snapshot/images/small/mh2_392_step_through_front_small.jpg,pending_external_download,,
Step Through,Step Through,front,mh2,392,normal,https://cards.scryfall.io/normal/front/c/5/c5688978-1744-4986-bda3-09629541b827.jpg?1783926737,/mnt/data/malcolm_breeches_card_ingestion/offline_snapshot/images/normal/mh2_392_step_through_front_normal.jpg,pending_external_download,,
Vedalken Aethermage,Vedalken Aethermage,front,fut,61,small,https://cards.scryfall.io/small/front/4/9/496eb37d-5c8f-4dd7-a0a7-3ed1bd2210d6.jpg?1783943117,/mnt/data/malcolm_breeches_card_ingestion/offline_snapshot/images/small/fut_61_vedalken_aethermage_front_small.jpg,pending_external_download,,
Vedalken Aethermage,Vedalken Aethermage,front,fut,61,normal,https://cards.scryfall.io/normal/front/4/9/496eb37d-5c8f-4dd7-a0a7-3ed1bd2210d6.jpg?1783943117,/mnt/data/malcolm_breeches_card_ingestion/offline_snapshot/images/normal/fut_61_vedalken_aethermage_front_normal.jpg,pending_external_download,,
Invert // Invent,Invert,front,grn,228,small,https://cards.scryfall.io/small/front/0/5/054a4e4f-8baa-41cf-b24c-d068e8b9a070.jpg?1783934111,/mnt/data/malcolm_breeches_card_ingestion/offline_snapshot/images/small/grn_228_invert_front_small.jpg,pending_external_download,,
Invert // Invent,Invert,front,grn,228,normal,https://cards.scryfall.io/normal/front/0/5/054a4e4f-8baa-41cf-b24c-d068e8b9a070.jpg?1783934111,/mnt/data/malcolm_breeches_card_ingestion/offline_snapshot/images/normal/grn_228_invert_front_normal.jpg,pending_external_download,,
Invert // Invent,Invent,face_2,grn,228,small,https://cards.scryfall.io/small/front/0/5/054a4e4f-8baa-41cf-b24c-d068e8b9a070.jpg?1783934111,/mnt/data/malcolm_breeches_card_ingestion/offline_snapshot/images/small/grn_228_invent_face_2_small.jpg,pending_external_download,,
Invert // Invent,Invent,face_2,grn,228,normal,https://cards.scryfall.io/normal/front/0/5/054a4e4f-8baa-41cf-b24c-d068e8b9a070.jpg?1783934111,/mnt/data/malcolm_breeches_card_ingestion/offline_snapshot/images/normal/grn_228_invent_face_2_normal.jpg,pending_external_download,,
Long-Term Plans,Long-Term Plans,front,scg,38,small,https://cards.scryfall.io/small/front/7/e/7e0422d9-9694-45b6-9c2b-2ca31198cebf.jpg?1783944886,/mnt/data/malcolm_breeches_card_ingestion/offline_snapshot/images/small/scg_38_long_term_plans_front_small.jpg,pending_external_download,,
Long-Term Plans,Long-Term Plans,front,scg,38,normal,https://cards.scryfall.io/normal/front/7/e/7e0422d9-9694-45b6-9c2b-2ca31198cebf.jpg?1783944886,/mnt/data/malcolm_breeches_card_ingestion/offline_snapshot/images/normal/scg_38_long_term_plans_front_normal.jpg,pending_external_download,,
Siren Stormtamer,Siren Stormtamer,front,xln,79,small,https://cards.scryfall.io/small/front/7/2/72f7375c-2d9b-4738-b539-00e1949980e7.jpg?1783935772,/mnt/data/malcolm_breeches_card_ingestion/offline_snapshot/images/small/xln_79_siren_stormtamer_front_small.jpg,pending_external_download,,
Siren Stormtamer,Siren Stormtamer,front,xln,79,normal,https://cards.scryfall.io/normal/front/7/2/72f7375c-2d9b-4738-b539-00e1949980e7.jpg?1783935772,/mnt/data/malcolm_breeches_card_ingestion/offline_snapshot/images/normal/xln_79_siren_stormtamer_front_normal.jpg,pending_external_download,,
Spectral Sailor,Spectral Sailor,front,jmp,178,small,https://cards.scryfall.io/small/front/3/b/3b591fef-21ca-4a3b-990b-d7897a405511.jpg?1783930446,/mnt/data/malcolm_breeches_card_ingestion/offline_snapshot/images/small/jmp_178_spectral_sailor_front_small.jpg,pending_external_download,,
Spectral Sailor,Spectral Sailor,front,jmp,178,normal,https://cards.scryfall.io/normal/front/3/b/3b591fef-21ca-4a3b-990b-d7897a405511.jpg?1783930446,/mnt/data/malcolm_breeches_card_ingestion/offline_snapshot/images/normal/jmp_178_spectral_sailor_front_normal.jpg,pending_external_download,,
Storm Fleet Sprinter,Storm Fleet Sprinter,front,rix,172,small,https://cards.scryfall.io/small/front/4/1/41ad8525-7618-4c2b-8037-46f53dd42ee0.jpg?1783935268,/mnt/data/malcolm_breeches_card_ingestion/offline_snapshot/images/small/rix_172_storm_fleet_sprinter_front_small.jpg,pending_external_download,,
Storm Fleet Sprinter,Storm Fleet Sprinter,front,rix,172,normal,https://cards.scryfall.io/normal/front/4/1/41ad8525-7618-4c2b-8037-46f53dd42ee0.jpg?1783935268,/mnt/data/malcolm_breeches_card_ingestion/offline_snapshot/images/normal/rix_172_storm_fleet_sprinter_front_normal.jpg,pending_external_download,,
Wily Goblin,Wily Goblin,front,xln,174,small,https://cards.scryfall.io/small/front/a/1/a175b24c-c256-45a8-b24a-6b83e42d5efa.jpg?1783935732,/mnt/data/malcolm_breeches_card_ingestion/offline_snapshot/images/small/xln_174_wily_goblin_front_small.jpg,pending_external_download,,
Wily Goblin,Wily Goblin,front,xln,174,normal,https://cards.scryfall.io/normal/front/a/1/a175b24c-c256-45a8-b24a-6b83e42d5efa.jpg?1783935732,/mnt/data/malcolm_breeches_card_ingestion/offline_snapshot/images/normal/xln_174_wily_goblin_front_normal.jpg,pending_external_download,,
Sol Ring,Sol Ring,front,m3c,305,small,https://cards.scryfall.io/small/front/1/9/19911e6e-7c35-4281-b31c-266382f052cc.jpg?1783911346,/mnt/data/malcolm_breeches_card_ingestion/offline_snapshot/images/small/m3c_305_sol_ring_front_small.jpg,pending_external_download,,
Sol Ring,Sol Ring,front,m3c,305,normal,https://cards.scryfall.io/normal/front/1/9/19911e6e-7c35-4281-b31c-266382f052cc.jpg?1783911346,/mnt/data/malcolm_breeches_card_ingestion/offline_snapshot/images/normal/m3c_305_sol_ring_front_normal.jpg,pending_external_download,,
Arcane Signet,Arcane Signet,front,onc,125,small,https://cards.scryfall.io/small/front/e/c/ecedbcca-4d71-46ac-a8e5-a1cf8109f4b7.jpg?1783918109,/mnt/data/malcolm_breeches_card_ingestion/offline_snapshot/images/small/onc_125_arcane_signet_front_small.jpg,pending_external_download,,
Arcane Signet,Arcane Signet,front,onc,125,normal,https://cards.scryfall.io/normal/front/e/c/ecedbcca-4d71-46ac-a8e5-a1cf8109f4b7.jpg?1783918109,/mnt/data/malcolm_breeches_card_ingestion/offline_snapshot/images/normal/onc_125_arcane_signet_front_normal.jpg,pending_external_download,,
Izzet Signet,Izzet Signet,front,gpt,152,small,https://cards.scryfall.io/small/front/f/8/f823be95-bef4-4e86-a924-239be62394bf.jpg?1783943458,/mnt/data/malcolm_breeches_card_ingestion/offline_snapshot/images/small/gpt_152_izzet_signet_front_small.jpg,pending_external_download,,
Izzet Signet,Izzet Signet,front,gpt,152,normal,https://cards.scryfall.io/normal/front/f/8/f823be95-bef4-4e86-a924-239be62394bf.jpg?1783943458,/mnt/data/malcolm_breeches_card_ingestion/offline_snapshot/images/normal/gpt_152_izzet_signet_front_normal.jpg,pending_external_download,,
Prismatic Lens,Prismatic Lens,front,cmm,403,small,https://cards.scryfall.io/small/front/f/f/ff8768a5-eba6-4585-a59b-19d1036cbfc0.jpg?1783915592,/mnt/data/malcolm_breeches_card_ingestion/offline_snapshot/images/small/cmm_403_prismatic_lens_front_small.jpg,pending_external_download,,
Prismatic Lens,Prismatic Lens,front,cmm,403,normal,https://cards.scryfall.io/normal/front/f/f/ff8768a5-eba6-4585-a59b-19d1036cbfc0.jpg?1783915592,/mnt/data/malcolm_breeches_card_ingestion/offline_snapshot/images/normal/cmm_403_prismatic_lens_front_normal.jpg,pending_external_download,,
Fellwar Stone,Fellwar Stone,front,soc,347,small,https://cards.scryfall.io/small/front/3/8/385b9f5e-81dd-49f6-a644-59d53245e3dc.jpg?1783903740,/mnt/data/malcolm_breeches_card_ingestion/offline_snapshot/images/small/soc_347_fellwar_stone_front_small.jpg,pending_external_download,,
Fellwar Stone,Fellwar Stone,front,soc,347,normal,https://cards.scryfall.io/normal/front/3/8/385b9f5e-81dd-49f6-a644-59d53245e3dc.jpg?1783903740,/mnt/data/malcolm_breeches_card_ingestion/offline_snapshot/images/normal/soc_347_fellwar_stone_front_normal.jpg,pending_external_download,,
Mind Stone,Mind Stone,front,khc,102,small,https://cards.scryfall.io/small/front/e/c/ecbe852d-4538-41dd-bfce-a134a7bc3022.jpg?1783928298,/mnt/data/malcolm_breeches_card_ingestion/offline_snapshot/images/small/khc_102_mind_stone_front_small.jpg,pending_external_download,,
Mind Stone,Mind Stone,front,khc,102,normal,https://cards.scryfall.io/normal/front/e/c/ecbe852d-4538-41dd-bfce-a134a7bc3022.jpg?1783928298,/mnt/data/malcolm_breeches_card_ingestion/offline_snapshot/images/normal/khc_102_mind_stone_front_normal.jpg,pending_external_download,,
Prismari Command,Prismari Command,front,soc,323,small,https://cards.scryfall.io/small/front/3/7/372d0c0b-439c-413f-aac4-5174c75aadb0.jpg?1783903748,/mnt/data/malcolm_breeches_card_ingestion/offline_snapshot/images/small/soc_323_prismari_command_front_small.jpg,pending_external_download,,
Prismari Command,Prismari Command,front,soc,323,normal,https://cards.scryfall.io/normal/front/3/7/372d0c0b-439c-413f-aac4-5174c75aadb0.jpg?1783903748,/mnt/data/malcolm_breeches_card_ingestion/offline_snapshot/images/normal/soc_323_prismari_command_front_normal.jpg,pending_external_download,,
Commit // Memory,Commit,front,lcc,147,small,https://cards.scryfall.io/small/front/8/5/855af9a8-31fc-4290-8204-04ee026f8853.jpg?1783913889,/mnt/data/malcolm_breeches_card_ingestion/offline_snapshot/images/small/lcc_147_commit_front_small.jpg,pending_external_download,,
Commit // Memory,Commit,front,lcc,147,normal,https://cards.scryfall.io/normal/front/8/5/855af9a8-31fc-4290-8204-04ee026f8853.jpg?1783913889,/mnt/data/malcolm_breeches_card_ingestion/offline_snapshot/images/normal/lcc_147_commit_front_normal.jpg,pending_external_download,,
Commit // Memory,Memory,face_2,lcc,147,small,https://cards.scryfall.io/small/front/8/5/855af9a8-31fc-4290-8204-04ee026f8853.jpg?1783913889,/mnt/data/malcolm_breeches_card_ingestion/offline_snapshot/images/small/lcc_147_memory_face_2_small.jpg,pending_external_download,,
Commit // Memory,Memory,face_2,lcc,147,normal,https://cards.scryfall.io/normal/front/8/5/855af9a8-31fc-4290-8204-04ee026f8853.jpg?1783913889,/mnt/data/malcolm_breeches_card_ingestion/offline_snapshot/images/normal/lcc_147_memory_face_2_normal.jpg,pending_external_download,,
Expedite,Expedite,front,bbd,177,small,https://cards.scryfall.io/small/front/4/4/44072f87-3a99-49dd-9709-85aa83d4819f.jpg?1783934812,/mnt/data/malcolm_breeches_card_ingestion/offline_snapshot/images/small/bbd_177_expedite_front_small.jpg,pending_external_download,,
Expedite,Expedite,front,bbd,177,normal,https://cards.scryfall.io/normal/front/4/4/44072f87-3a99-49dd-9709-85aa83d4819f.jpg?1783934812,/mnt/data/malcolm_breeches_card_ingestion/offline_snapshot/images/normal/bbd_177_expedite_front_normal.jpg,pending_external_download,,
Opt,Opt,front,fdn,512,small,https://cards.scryfall.io/small/front/5/8/58d26b54-0093-4e90-a2b1-b57c64340f9c.jpg?1783908961,/mnt/data/malcolm_breeches_card_ingestion/offline_snapshot/images/small/fdn_512_opt_front_small.jpg,pending_external_download,,
Opt,Opt,front,fdn,512,normal,https://cards.scryfall.io/normal/front/5/8/58d26b54-0093-4e90-a2b1-b57c64340f9c.jpg?1783908961,/mnt/data/malcolm_breeches_card_ingestion/offline_snapshot/images/normal/fdn_512_opt_front_normal.jpg,pending_external_download,,
Sleight of Hand,Sleight of Hand,front,woe,67,small,https://cards.scryfall.io/small/front/8/0/80dea5c0-ada3-488a-9f2b-f895b92c762f.jpg?1783915115,/mnt/data/malcolm_breeches_card_ingestion/offline_snapshot/images/small/woe_67_sleight_of_hand_front_small.jpg,pending_external_download,,
Sleight of Hand,Sleight of Hand,front,woe,67,normal,https://cards.scryfall.io/normal/front/8/0/80dea5c0-ada3-488a-9f2b-f895b92c762f.jpg?1783915115,/mnt/data/malcolm_breeches_card_ingestion/offline_snapshot/images/normal/woe_67_sleight_of_hand_front_normal.jpg,pending_external_download,,
Faithless Looting,Faithless Looting,front,ltc,215,small,https://cards.scryfall.io/small/front/5/7/57102ba6-79ab-4487-a62a-926b30682421.jpg?1783915937,/mnt/data/malcolm_breeches_card_ingestion/offline_snapshot/images/small/ltc_215_faithless_looting_front_small.jpg,pending_external_download,,
Faithless Looting,Faithless Looting,front,ltc,215,normal,https://cards.scryfall.io/normal/front/5/7/57102ba6-79ab-4487-a62a-926b30682421.jpg?1783915937,/mnt/data/malcolm_breeches_card_ingestion/offline_snapshot/images/normal/ltc_215_faithless_looting_front_normal.jpg,pending_external_download,,
Frantic Search,Frantic Search,front,tdc,153,small,https://cards.scryfall.io/small/front/a/1/a1c71f3e-16be-492a-8a3e-5911867270bd.jpg?1783907106,/mnt/data/malcolm_breeches_card_ingestion/offline_snapshot/images/small/tdc_153_frantic_search_front_small.jpg,pending_external_download,,
Frantic Search,Frantic Search,front,tdc,153,normal,https://cards.scryfall.io/normal/front/a/1/a1c71f3e-16be-492a-8a3e-5911867270bd.jpg?1783907106,/mnt/data/malcolm_breeches_card_ingestion/offline_snapshot/images/normal/tdc_153_frantic_search_front_normal.jpg,pending_external_download,,
Impulse,Impulse,front,dmu,55,small,https://cards.scryfall.io/small/front/5/a/5aec2b2c-0764-4869-814d-aad921122af9.jpg?1783921349,/mnt/data/malcolm_breeches_card_ingestion/offline_snapshot/images/small/dmu_55_impulse_front_small.jpg,pending_external_download,,
Impulse,Impulse,front,dmu,55,normal,https://cards.scryfall.io/normal/front/5/a/5aec2b2c-0764-4869-814d-aad921122af9.jpg?1783921349,/mnt/data/malcolm_breeches_card_ingestion/offline_snapshot/images/normal/dmu_55_impulse_front_normal.jpg,pending_external_download,,
Chart a Course,Chart a Course,front,plst,XLN-48,small,https://cards.scryfall.io/small/front/9/8/98f091ee-70c5-4878-9b11-43df85e1d5de.jpg?1783932311,/mnt/data/malcolm_breeches_card_ingestion/offline_snapshot/images/small/plst_XLN-48_chart_a_course_front_small.jpg,pending_external_download,,
Chart a Course,Chart a Course,front,plst,XLN-48,normal,https://cards.scryfall.io/normal/front/9/8/98f091ee-70c5-4878-9b11-43df85e1d5de.jpg?1783932311,/mnt/data/malcolm_breeches_card_ingestion/offline_snapshot/images/normal/plst_XLN-48_chart_a_course_front_normal.jpg,pending_external_download,,
Fact or Fiction,Fact or Fiction,front,znc,25,small,https://cards.scryfall.io/small/front/d/6/d617970e-e33a-481c-bbae-5ed5197d9a1c.jpg?1783929486,/mnt/data/malcolm_breeches_card_ingestion/offline_snapshot/images/small/znc_25_fact_or_fiction_front_small.jpg,pending_external_download,,
Fact or Fiction,Fact or Fiction,front,znc,25,normal,https://cards.scryfall.io/normal/front/d/6/d617970e-e33a-481c-bbae-5ed5197d9a1c.jpg?1783929486,/mnt/data/malcolm_breeches_card_ingestion/offline_snapshot/images/normal/znc_25_fact_or_fiction_front_normal.jpg,pending_external_download,,
Arcane Denial,Arcane Denial,front,drc,70,small,https://cards.scryfall.io/small/front/0/b/0baad613-6c5b-4b5e-a784-b43f2acaf689.jpg?1783907732,/mnt/data/malcolm_breeches_card_ingestion/offline_snapshot/images/small/drc_70_arcane_denial_front_small.jpg,pending_external_download,,
Arcane Denial,Arcane Denial,front,drc,70,normal,https://cards.scryfall.io/normal/front/0/b/0baad613-6c5b-4b5e-a784-b43f2acaf689.jpg?1783907732,/mnt/data/malcolm_breeches_card_ingestion/offline_snapshot/images/normal/drc_70_arcane_denial_front_normal.jpg,pending_external_download,,
Negate,Negate,front,bbd,123,small,https://cards.scryfall.io/small/front/f/b/fbd28be5-c493-433a-a19f-cace2214b83e.jpg?1783934833,/mnt/data/malcolm_breeches_card_ingestion/offline_snapshot/images/small/bbd_123_negate_front_small.jpg,pending_external_download,,
Negate,Negate,front,bbd,123,normal,https://cards.scryfall.io/normal/front/f/b/fbd28be5-c493-433a-a19f-cace2214b83e.jpg?1783934833,/mnt/data/malcolm_breeches_card_ingestion/offline_snapshot/images/normal/bbd_123_negate_front_normal.jpg,pending_external_download,,
Dispel,Dispel,front,bfz,76,small,https://cards.scryfall.io/small/front/b/c/bceab6b3-6b64-4964-a501-ce806a6c13ad.jpg?1783938209,/mnt/data/malcolm_breeches_card_ingestion/offline_snapshot/images/small/bfz_76_dispel_front_small.jpg,pending_external_download,,
Dispel,Dispel,front,bfz,76,normal,https://cards.scryfall.io/normal/front/b/c/bceab6b3-6b64-4964-a501-ce806a6c13ad.jpg?1783938209,/mnt/data/malcolm_breeches_card_ingestion/offline_snapshot/images/normal/bfz_76_dispel_front_normal.jpg,pending_external_download,,
Spell Pierce,Spell Pierce,front,mm3,51,small,https://cards.scryfall.io/small/front/5/3/53d4fd57-74b6-42c7-88b1-110e5a8dfc3c.jpg?1783936664,/mnt/data/malcolm_breeches_card_ingestion/offline_snapshot/images/small/mm3_51_spell_pierce_front_small.jpg,pending_external_download,,
Spell Pierce,Spell Pierce,front,mm3,51,normal,https://cards.scryfall.io/normal/front/5/3/53d4fd57-74b6-42c7-88b1-110e5a8dfc3c.jpg?1783936664,/mnt/data/malcolm_breeches_card_ingestion/offline_snapshot/images/normal/mm3_51_spell_pierce_front_normal.jpg,pending_external_download,,
Wash Away,Wash Away,front,vow,87,small,https://cards.scryfall.io/small/front/4/3/43411ade-be80-4535-8baa-7055e78496df.jpg?1783924878,/mnt/data/malcolm_breeches_card_ingestion/offline_snapshot/images/small/vow_87_wash_away_front_small.jpg,pending_external_download,,
Wash Away,Wash Away,front,vow,87,normal,https://cards.scryfall.io/normal/front/4/3/43411ade-be80-4535-8baa-7055e78496df.jpg?1783924878,/mnt/data/malcolm_breeches_card_ingestion/offline_snapshot/images/normal/vow_87_wash_away_front_normal.jpg,pending_external_download,,
Change the Equation,Change the Equation,front,mom,50,small,https://cards.scryfall.io/small/front/e/9/e98db9ed-b43f-4bc1-b7a9-ce03a534d992.jpg?1783917042,/mnt/data/malcolm_breeches_card_ingestion/offline_snapshot/images/small/mom_50_change_the_equation_front_small.jpg,pending_external_download,,
Change the Equation,Change the Equation,front,mom,50,normal,https://cards.scryfall.io/normal/front/e/9/e98db9ed-b43f-4bc1-b7a9-ce03a534d992.jpg?1783917042,/mnt/data/malcolm_breeches_card_ingestion/offline_snapshot/images/normal/mom_50_change_the_equation_front_normal.jpg,pending_external_download,,
Syncopate,Syncopate,front,rtr,54,small,https://cards.scryfall.io/small/front/b/a/ba6f218f-83b0-4b68-a00f-0327cd79f32a.jpg?1783940365,/mnt/data/malcolm_breeches_card_ingestion/offline_snapshot/images/small/rtr_54_syncopate_front_small.jpg,pending_external_download,,
Syncopate,Syncopate,front,rtr,54,normal,https://cards.scryfall.io/normal/front/b/a/ba6f218f-83b0-4b68-a00f-0327cd79f32a.jpg?1783940365,/mnt/data/malcolm_breeches_card_ingestion/offline_snapshot/images/normal/rtr_54_syncopate_front_normal.jpg,pending_external_download,,
Lazotep Plating,Lazotep Plating,front,plst,WAR-59,small,https://cards.scryfall.io/small/front/5/4/548a76ed-8dd1-4e1c-8cfe-d37f1b4b0376.jpg?1783910326,/mnt/data/malcolm_breeches_card_ingestion/offline_snapshot/images/small/plst_WAR-59_lazotep_plating_front_small.jpg,pending_external_download,,
Lazotep Plating,Lazotep Plating,front,plst,WAR-59,normal,https://cards.scryfall.io/normal/front/5/4/548a76ed-8dd1-4e1c-8cfe-d37f1b4b0376.jpg?1783910326,/mnt/data/malcolm_breeches_card_ingestion/offline_snapshot/images/normal/plst_WAR-59_lazotep_plating_front_normal.jpg,pending_external_download,,
Reality Ripple,Reality Ripple,front,mir,87,small,https://cards.scryfall.io/small/front/c/5/c5b94eed-2a45-4a6b-a06b-a2021b174bc5.jpg?1783947104,/mnt/data/malcolm_breeches_card_ingestion/offline_snapshot/images/small/mir_87_reality_ripple_front_small.jpg,pending_external_download,,
Reality Ripple,Reality Ripple,front,mir,87,normal,https://cards.scryfall.io/normal/front/c/5/c5b94eed-2a45-4a6b-a06b-a2021b174bc5.jpg?1783947104,/mnt/data/malcolm_breeches_card_ingestion/offline_snapshot/images/normal/mir_87_reality_ripple_front_normal.jpg,pending_external_download,,
Fading Hope,Fading Hope,front,mid,51,small,https://cards.scryfall.io/small/front/c/2/c2fb1fff-12be-4bd5-8dba-c36e84d49651.jpg?1783925643,/mnt/data/malcolm_breeches_card_ingestion/offline_snapshot/images/small/mid_51_fading_hope_front_small.jpg,pending_external_download,,
Fading Hope,Fading Hope,front,mid,51,normal,https://cards.scryfall.io/normal/front/c/2/c2fb1fff-12be-4bd5-8dba-c36e84d49651.jpg?1783925643,/mnt/data/malcolm_breeches_card_ingestion/offline_snapshot/images/normal/mid_51_fading_hope_front_normal.jpg,pending_external_download,,
Ravenform,Ravenform,front,khm,72,small,https://cards.scryfall.io/small/front/2/c/2c2cfcd7-b43a-4dad-a033-e661f55ceecd.jpg?1783928258,/mnt/data/malcolm_breeches_card_ingestion/offline_snapshot/images/small/khm_72_ravenform_front_small.jpg,pending_external_download,,
Ravenform,Ravenform,front,khm,72,normal,https://cards.scryfall.io/normal/front/2/c/2c2cfcd7-b43a-4dad-a033-e661f55ceecd.jpg?1783928258,/mnt/data/malcolm_breeches_card_ingestion/offline_snapshot/images/normal/khm_72_ravenform_front_normal.jpg,pending_external_download,,
Reality Shift,Reality Shift,front,nec,95,small,https://cards.scryfall.io/small/front/3/6/363d4c8e-f7bb-4838-a543-625f71a41257.jpg?1783923962,/mnt/data/malcolm_breeches_card_ingestion/offline_snapshot/images/small/nec_95_reality_shift_front_small.jpg,pending_external_download,,
Reality Shift,Reality Shift,front,nec,95,normal,https://cards.scryfall.io/normal/front/3/6/363d4c8e-f7bb-4838-a543-625f71a41257.jpg?1783923962,/mnt/data/malcolm_breeches_card_ingestion/offline_snapshot/images/normal/nec_95_reality_shift_front_normal.jpg,pending_external_download,,
Resculpt,Resculpt,front,soc,201,small,https://cards.scryfall.io/small/front/5/4/5443f46d-03f9-468e-a78d-a059529b1151.jpg?1783903789,/mnt/data/malcolm_breeches_card_ingestion/offline_snapshot/images/small/soc_201_resculpt_front_small.jpg,pending_external_download,,
Resculpt,Resculpt,front,soc,201,normal,https://cards.scryfall.io/normal/front/5/4/5443f46d-03f9-468e-a78d-a059529b1151.jpg?1783903789,/mnt/data/malcolm_breeches_card_ingestion/offline_snapshot/images/normal/soc_201_resculpt_front_normal.jpg,pending_external_download,,
Abrade,Abrade,front,soc,234,small,https://cards.scryfall.io/small/front/1/a/1add1757-c1f8-448a-b279-c6940fb7ad5f.jpg?1783903778,/mnt/data/malcolm_breeches_card_ingestion/offline_snapshot/images/small/soc_234_abrade_front_small.jpg,pending_external_download,,
Abrade,Abrade,front,soc,234,normal,https://cards.scryfall.io/normal/front/1/a/1add1757-c1f8-448a-b279-c6940fb7ad5f.jpg?1783903778,/mnt/data/malcolm_breeches_card_ingestion/offline_snapshot/images/normal/soc_234_abrade_front_normal.jpg,pending_external_download,,
Into the Roil,Into the Roil,front,fdn,509,small,https://cards.scryfall.io/small/front/2/5/25edefa9-9fff-4b71-83ae-696c196a795c.jpg?1783908963,/mnt/data/malcolm_breeches_card_ingestion/offline_snapshot/images/small/fdn_509_into_the_roil_front_small.jpg,pending_external_download,,
Into the Roil,Into the Roil,front,fdn,509,normal,https://cards.scryfall.io/normal/front/2/5/25edefa9-9fff-4b71-83ae-696c196a795c.jpg?1783908963,/mnt/data/malcolm_breeches_card_ingestion/offline_snapshot/images/normal/fdn_509_into_the_roil_front_normal.jpg,pending_external_download,,
Curse of the Swine,Curse of the Swine,front,soc,192,small,https://cards.scryfall.io/small/front/9/1/91eb9067-0bc7-4497-ba9c-c1ea41e5a379.jpg?1783903795,/mnt/data/malcolm_breeches_card_ingestion/offline_snapshot/images/small/soc_192_curse_of_the_swine_front_small.jpg,pending_external_download,,
Curse of the Swine,Curse of the Swine,front,soc,192,normal,https://cards.scryfall.io/normal/front/9/1/91eb9067-0bc7-4497-ba9c-c1ea41e5a379.jpg?1783903795,/mnt/data/malcolm_breeches_card_ingestion/offline_snapshot/images/normal/soc_192_curse_of_the_swine_front_normal.jpg,pending_external_download,,
Vandalblast,Vandalblast,front,fic,298,small,https://cards.scryfall.io/small/front/9/b/9b5a8df2-2bc0-408c-a9d2-e70c0f56642d.jpg?1783906262,/mnt/data/malcolm_breeches_card_ingestion/offline_snapshot/images/small/fic_298_vandalblast_front_small.jpg,pending_external_download,,
Vandalblast,Vandalblast,front,fic,298,normal,https://cards.scryfall.io/normal/front/9/b/9b5a8df2-2bc0-408c-a9d2-e70c0f56642d.jpg?1783906262,/mnt/data/malcolm_breeches_card_ingestion/offline_snapshot/images/normal/fic_298_vandalblast_front_normal.jpg,pending_external_download,,
By Force,By Force,front,akh,123,small,https://cards.scryfall.io/small/front/6/6/66cdfdb2-b47f-446d-9850-8581bd1d806c.jpg?1783936492,/mnt/data/malcolm_breeches_card_ingestion/offline_snapshot/images/small/akh_123_by_force_front_small.jpg,pending_external_download,,
By Force,By Force,front,akh,123,normal,https://cards.scryfall.io/normal/front/6/6/66cdfdb2-b47f-446d-9850-8581bd1d806c.jpg?1783936492,/mnt/data/malcolm_breeches_card_ingestion/offline_snapshot/images/normal/akh_123_by_force_front_normal.jpg,pending_external_download,,
Rebuild,Rebuild,front,mh1,66,small,https://cards.scryfall.io/small/front/f/d/fd683b0b-1ac1-4fa7-9657-d3b29db2ae51.jpg?1783933137,/mnt/data/malcolm_breeches_card_ingestion/offline_snapshot/images/small/mh1_66_rebuild_front_small.jpg,pending_external_download,,
Rebuild,Rebuild,front,mh1,66,normal,https://cards.scryfall.io/normal/front/f/d/fd683b0b-1ac1-4fa7-9657-d3b29db2ae51.jpg?1783933137,/mnt/data/malcolm_breeches_card_ingestion/offline_snapshot/images/normal/mh1_66_rebuild_front_normal.jpg,pending_external_download,,
Brotherhood's End,Brotherhood's End,front,bro,128,small,https://cards.scryfall.io/small/front/5/0/50f7666d-0d60-4fe5-b144-286d4e47b704.jpg?1783920075,/mnt/data/malcolm_breeches_card_ingestion/offline_snapshot/images/small/bro_128_brotherhood_s_end_front_small.jpg,pending_external_download,,
Brotherhood's End,Brotherhood's End,front,bro,128,normal,https://cards.scryfall.io/normal/front/5/0/50f7666d-0d60-4fe5-b144-286d4e47b704.jpg?1783920075,/mnt/data/malcolm_breeches_card_ingestion/offline_snapshot/images/normal/bro_128_brotherhood_s_end_front_normal.jpg,pending_external_download,,
Fiery Cannonade,Fiery Cannonade,front,xln,143,small,https://cards.scryfall.io/small/front/6/6/664d21c9-4b6c-4797-845f-7bca79c2b76b.jpg?1783935745,/mnt/data/malcolm_breeches_card_ingestion/offline_snapshot/images/small/xln_143_fiery_cannonade_front_small.jpg,pending_external_download,,
Fiery Cannonade,Fiery Cannonade,front,xln,143,normal,https://cards.scryfall.io/normal/front/6/6/664d21c9-4b6c-4797-845f-7bca79c2b76b.jpg?1783935745,/mnt/data/malcolm_breeches_card_ingestion/offline_snapshot/images/normal/xln_143_fiery_cannonade_front_normal.jpg,pending_external_download,,
Aetherize,Aetherize,front,scd,42,small,https://cards.scryfall.io/small/front/e/a/ead56c6e-889c-48d9-87bb-9f80e5bac9b3.jpg?1783918724,/mnt/data/malcolm_breeches_card_ingestion/offline_snapshot/images/small/scd_42_aetherize_front_small.jpg,pending_external_download,,
Aetherize,Aetherize,front,scd,42,normal,https://cards.scryfall.io/normal/front/e/a/ead56c6e-889c-48d9-87bb-9f80e5bac9b3.jpg?1783918724,/mnt/data/malcolm_breeches_card_ingestion/offline_snapshot/images/normal/scd_42_aetherize_front_normal.jpg,pending_external_download,,
Introduction to Annihilation,Introduction to Annihilation,front,stx,3,small,https://cards.scryfall.io/small/front/b/0/b0bc4682-bcaf-4f51-be0b-9f2851a16e3b.jpg?1783927394,/mnt/data/malcolm_breeches_card_ingestion/offline_snapshot/images/small/stx_3_introduction_to_annihilation_front_small.jpg,pending_external_download,,
Introduction to Annihilation,Introduction to Annihilation,front,stx,3,normal,https://cards.scryfall.io/normal/front/b/0/b0bc4682-bcaf-4f51-be0b-9f2851a16e3b.jpg?1783927394,/mnt/data/malcolm_breeches_card_ingestion/offline_snapshot/images/normal/stx_3_introduction_to_annihilation_front_normal.jpg,pending_external_download,,
Echoing Truth,Echoing Truth,front,plst,DMC-109,small,https://cards.scryfall.io/small/front/4/9/490c1af2-5ec1-45cf-aa51-959eea94948b.jpg?1783910215,/mnt/data/malcolm_breeches_card_ingestion/offline_snapshot/images/small/plst_DMC-109_echoing_truth_front_small.jpg,pending_external_download,,
Echoing Truth,Echoing Truth,front,plst,DMC-109,normal,https://cards.scryfall.io/normal/front/4/9/490c1af2-5ec1-45cf-aa51-959eea94948b.jpg?1783910215,/mnt/data/malcolm_breeches_card_ingestion/offline_snapshot/images/normal/plst_DMC-109_echoing_truth_front_normal.jpg,pending_external_download,,
Soul-Guide Lantern,Soul-Guide Lantern,front,drc,139,small,https://cards.scryfall.io/small/front/6/a/6a0f5301-0af9-496d-b55d-6bb5518b009c.jpg?1783907711,/mnt/data/malcolm_breeches_card_ingestion/offline_snapshot/images/small/drc_139_soul_guide_lantern_front_small.jpg,pending_external_download,,
Soul-Guide Lantern,Soul-Guide Lantern,front,drc,139,normal,https://cards.scryfall.io/normal/front/6/a/6a0f5301-0af9-496d-b55d-6bb5518b009c.jpg?1783907711,/mnt/data/malcolm_breeches_card_ingestion/offline_snapshot/images/normal/drc_139_soul_guide_lantern_front_normal.jpg,pending_external_download,,
Sentinel Totem,Sentinel Totem,front,xln,245,small,https://cards.scryfall.io/small/front/0/d/0d8097eb-518a-4b8e-8d6a-a139d4ddcc8f.jpg?1783935701,/mnt/data/malcolm_breeches_card_ingestion/offline_snapshot/images/small/xln_245_sentinel_totem_front_small.jpg,pending_external_download,,
Sentinel Totem,Sentinel Totem,front,xln,245,normal,https://cards.scryfall.io/normal/front/0/d/0d8097eb-518a-4b8e-8d6a-a139d4ddcc8f.jpg?1783935701,/mnt/data/malcolm_breeches_card_ingestion/offline_snapshot/images/normal/xln_245_sentinel_totem_front_normal.jpg,pending_external_download,,
Command Tower,Command Tower,front,who,266,small,https://cards.scryfall.io/small/front/9/8/98e819e5-573c-49d3-87d7-9abd60532e71.jpg?1783914585,/mnt/data/malcolm_breeches_card_ingestion/offline_snapshot/images/small/who_266_command_tower_front_small.jpg,pending_external_download,,
Command Tower,Command Tower,front,who,266,normal,https://cards.scryfall.io/normal/front/9/8/98e819e5-573c-49d3-87d7-9abd60532e71.jpg?1783914585,/mnt/data/malcolm_breeches_card_ingestion/offline_snapshot/images/normal/who_266_command_tower_front_normal.jpg,pending_external_download,,
Exotic Orchard,Exotic Orchard,front,soc,369,small,https://cards.scryfall.io/small/front/7/d/7db2934a-43a0-46ad-8380-ff6703f8fd6d.jpg?1783903732,/mnt/data/malcolm_breeches_card_ingestion/offline_snapshot/images/small/soc_369_exotic_orchard_front_small.jpg,pending_external_download,,
Exotic Orchard,Exotic Orchard,front,soc,369,normal,https://cards.scryfall.io/normal/front/7/d/7db2934a-43a0-46ad-8380-ff6703f8fd6d.jpg?1783903732,/mnt/data/malcolm_breeches_card_ingestion/offline_snapshot/images/normal/soc_369_exotic_orchard_front_normal.jpg,pending_external_download,,
Shivan Reef,Shivan Reef,front,m3c,375,small,https://cards.scryfall.io/small/front/6/f/6fc5d0a1-8c29-4961-8567-d1ccc3669a32.jpg?1783911322,/mnt/data/malcolm_breeches_card_ingestion/offline_snapshot/images/small/m3c_375_shivan_reef_front_small.jpg,pending_external_download,,
Shivan Reef,Shivan Reef,front,m3c,375,normal,https://cards.scryfall.io/normal/front/6/f/6fc5d0a1-8c29-4961-8567-d1ccc3669a32.jpg?1783911322,/mnt/data/malcolm_breeches_card_ingestion/offline_snapshot/images/normal/m3c_375_shivan_reef_front_normal.jpg,pending_external_download,,
Cascade Bluffs,Cascade Bluffs,front,tdc,345,small,https://cards.scryfall.io/small/front/5/1/51e0191b-9cd3-466c-8ff8-94c7872746f5.jpg?1783906997,/mnt/data/malcolm_breeches_card_ingestion/offline_snapshot/images/small/tdc_345_cascade_bluffs_front_small.jpg,pending_external_download,,
Cascade Bluffs,Cascade Bluffs,front,tdc,345,normal,https://cards.scryfall.io/normal/front/5/1/51e0191b-9cd3-466c-8ff8-94c7872746f5.jpg?1783906997,/mnt/data/malcolm_breeches_card_ingestion/offline_snapshot/images/normal/tdc_345_cascade_bluffs_front_normal.jpg,pending_external_download,,
Temple of Epiphany,Temple of Epiphany,front,m3c,387,small,https://cards.scryfall.io/small/front/b/1/b19b775a-45ed-47a3-a470-d2a9a4722d74.jpg?1783911318,/mnt/data/malcolm_breeches_card_ingestion/offline_snapshot/images/small/m3c_387_temple_of_epiphany_front_small.jpg,pending_external_download,,
Temple of Epiphany,Temple of Epiphany,front,m3c,387,normal,https://cards.scryfall.io/normal/front/b/1/b19b775a-45ed-47a3-a470-d2a9a4722d74.jpg?1783911318,/mnt/data/malcolm_breeches_card_ingestion/offline_snapshot/images/normal/m3c_387_temple_of_epiphany_front_normal.jpg,pending_external_download,,
Izzet Boilerworks,Izzet Boilerworks,front,m3c,350,small,https://cards.scryfall.io/small/front/a/f/af8535f9-463e-4963-94db-db0e22605275.jpg?1783911330,/mnt/data/malcolm_breeches_card_ingestion/offline_snapshot/images/small/m3c_350_izzet_boilerworks_front_small.jpg,pending_external_download,,
Izzet Boilerworks,Izzet Boilerworks,front,m3c,350,normal,https://cards.scryfall.io/normal/front/a/f/af8535f9-463e-4963-94db-db0e22605275.jpg?1783911330,/mnt/data/malcolm_breeches_card_ingestion/offline_snapshot/images/normal/m3c_350_izzet_boilerworks_front_normal.jpg,pending_external_download,,
Frostboil Snarl,Frostboil Snarl,front,lcc,332,small,https://cards.scryfall.io/small/front/f/a/faa52a92-18ce-46f9-b360-3477b6e78234.jpg?1783913831,/mnt/data/malcolm_breeches_card_ingestion/offline_snapshot/images/small/lcc_332_frostboil_snarl_front_small.jpg,pending_external_download,,
Frostboil Snarl,Frostboil Snarl,front,lcc,332,normal,https://cards.scryfall.io/normal/front/f/a/faa52a92-18ce-46f9-b360-3477b6e78234.jpg?1783913831,/mnt/data/malcolm_breeches_card_ingestion/offline_snapshot/images/normal/lcc_332_frostboil_snarl_front_normal.jpg,pending_external_download,,
Thriving Isle,Thriving Isle,front,j25,778,small,https://cards.scryfall.io/small/front/4/8/48ffa526-85a6-4a1e-a495-b5c5322244d8.jpg?1783908596,/mnt/data/malcolm_breeches_card_ingestion/offline_snapshot/images/small/j25_778_thriving_isle_front_small.jpg,pending_external_download,,
Thriving Isle,Thriving Isle,front,j25,778,normal,https://cards.scryfall.io/normal/front/4/8/48ffa526-85a6-4a1e-a495-b5c5322244d8.jpg?1783908596,/mnt/data/malcolm_breeches_card_ingestion/offline_snapshot/images/normal/j25_778_thriving_isle_front_normal.jpg,pending_external_download,,
Ash Barrens,Ash Barrens,front,m3c,318,small,https://cards.scryfall.io/small/front/8/7/8720542c-965e-4a98-9de8-7e97ac20966f.jpg?1783911341,/mnt/data/malcolm_breeches_card_ingestion/offline_snapshot/images/small/m3c_318_ash_barrens_front_small.jpg,pending_external_download,,
Ash Barrens,Ash Barrens,front,m3c,318,normal,https://cards.scryfall.io/normal/front/8/7/8720542c-965e-4a98-9de8-7e97ac20966f.jpg?1783911341,/mnt/data/malcolm_breeches_card_ingestion/offline_snapshot/images/normal/m3c_318_ash_barrens_front_normal.jpg,pending_external_download,,
Evolving Wilds,Evolving Wilds,front,fic,389,small,https://cards.scryfall.io/small/front/3/5/351f791c-4bee-4fce-aee4-d0214ca0c945.jpg?1783906223,/mnt/data/malcolm_breeches_card_ingestion/offline_snapshot/images/small/fic_389_evolving_wilds_front_small.jpg,pending_external_download,,
Evolving Wilds,Evolving Wilds,front,fic,389,normal,https://cards.scryfall.io/normal/front/3/5/351f791c-4bee-4fce-aee4-d0214ca0c945.jpg?1783906223,/mnt/data/malcolm_breeches_card_ingestion/offline_snapshot/images/normal/fic_389_evolving_wilds_front_normal.jpg,pending_external_download,,
Terramorphic Expanse,Terramorphic Expanse,front,c17,285,small,https://cards.scryfall.io/small/front/c/7/c7daa923-6bd9-4315-a483-840021b745dd.jpg?1783935840,/mnt/data/malcolm_breeches_card_ingestion/offline_snapshot/images/small/c17_285_terramorphic_expanse_front_small.jpg,pending_external_download,,
Terramorphic Expanse,Terramorphic Expanse,front,c17,285,normal,https://cards.scryfall.io/normal/front/c/7/c7daa923-6bd9-4315-a483-840021b745dd.jpg?1783935840,/mnt/data/malcolm_breeches_card_ingestion/offline_snapshot/images/normal/c17_285_terramorphic_expanse_front_normal.jpg,pending_external_download,,
Scavenger Grounds,Scavenger Grounds,front,cmm,1027,small,https://cards.scryfall.io/small/front/a/5/a5c42d13-3ef6-4baf-81d0-766a6df1e712.jpg?1783915381,/mnt/data/malcolm_breeches_card_ingestion/offline_snapshot/images/small/cmm_1027_scavenger_grounds_front_small.jpg,pending_external_download,,
Scavenger Grounds,Scavenger Grounds,front,cmm,1027,normal,https://cards.scryfall.io/normal/front/a/5/a5c42d13-3ef6-4baf-81d0-766a6df1e712.jpg?1783915381,/mnt/data/malcolm_breeches_card_ingestion/offline_snapshot/images/normal/cmm_1027_scavenger_grounds_front_normal.jpg,pending_external_download,,
Demolition Field,Demolition Field,front,fdn,687,small,https://cards.scryfall.io/small/front/0/c/0c7e51b6-4898-4632-b39c-3ce438caa882.jpg?1783908902,/mnt/data/malcolm_breeches_card_ingestion/offline_snapshot/images/small/fdn_687_demolition_field_front_small.jpg,pending_external_download,,
Demolition Field,Demolition Field,front,fdn,687,normal,https://cards.scryfall.io/normal/front/0/c/0c7e51b6-4898-4632-b39c-3ce438caa882.jpg?1783908902,/mnt/data/malcolm_breeches_card_ingestion/offline_snapshot/images/normal/fdn_687_demolition_field_front_normal.jpg,pending_external_download,,
Path of Ancestry,Path of Ancestry,front,drc,166,small,https://cards.scryfall.io/small/front/4/8/4898fba1-d692-4440-bfff-ae535bdc1ba8.jpg?1783907699,/mnt/data/malcolm_breeches_card_ingestion/offline_snapshot/images/small/drc_166_path_of_ancestry_front_small.jpg,pending_external_download,,
Path of Ancestry,Path of Ancestry,front,drc,166,normal,https://cards.scryfall.io/normal/front/4/8/4898fba1-d692-4440-bfff-ae535bdc1ba8.jpg?1783907699,/mnt/data/malcolm_breeches_card_ingestion/offline_snapshot/images/normal/drc_166_path_of_ancestry_front_normal.jpg,pending_external_download,,
Island,Island,front,fdn,285,small,https://cards.scryfall.io/small/front/6/f/6f534ddc-f610-45cd-84dc-bb6df6c5a84f.jpg?1783909039,/mnt/data/malcolm_breeches_card_ingestion/offline_snapshot/images/small/fdn_285_island_front_small.jpg,pending_external_download,,
Island,Island,front,fdn,285,normal,https://cards.scryfall.io/normal/front/6/f/6f534ddc-f610-45cd-84dc-bb6df6c5a84f.jpg?1783909039,/mnt/data/malcolm_breeches_card_ingestion/offline_snapshot/images/normal/fdn_285_island_front_normal.jpg,pending_external_download,,
Mountain,Mountain,front,fdn,288,small,https://cards.scryfall.io/small/front/3/a/3a3afd00-da06-4a9f-8cd1-7133728e0fdd.jpg?1783909037,/mnt/data/malcolm_breeches_card_ingestion/offline_snapshot/images/small/fdn_288_mountain_front_small.jpg,pending_external_download,,
Mountain,Mountain,front,fdn,288,normal,https://cards.scryfall.io/normal/front/3/a/3a3afd00-da06-4a9f-8cd1-7133728e0fdd.jpg?1783909037,/mnt/data/malcolm_breeches_card_ingestion/offline_snapshot/images/normal/fdn_288_mountain_front_normal.jpg,pending_external_download,,
