deck_quantity,is_commander,name,scryfall_id,oracle_id,set,set_name,collector_number,layout,mana_cost,mana_value,colors,color_identity,type_line,supertypes,types,subtypes,oracle_text,keywords,power,toughness,loyalty,commander_legality,digital,game_changer,rulings_uri,scryfall_uri,artist,rarity
1,True,"Malcolm, Keen-Eyed Navigator",51187cdb-85ee-4f68-9e29-d84d296f0825,a66f8b44-0163-4456-b152-4acefab896a4,lcc,The Lost Caverns of Ixalan Commander,161,normal,{2}{U},3.0,U,U,Legendary Creature — Siren Pirate,Legendary,Creature,Siren|Pirate,"Flying
Whenever one or more Pirates you control deal damage to your opponents, you create a Treasure token for each opponent dealt damage. (It's an artifact with ""{T}, Sacrifice this token: Add one mana of any color."")
Partner (You can have two commanders if both have partner.)",Flying|Treasure|Partner,2,2,,legal,False,False,https://api.scryfall.com/cards/51187cdb-85ee-4f68-9e29-d84d296f0825/rulings,https://scryfall.com/card/lcc/161/malcolm-keen-eyed-navigator?utm_source=api,Eric Deschamps,uncommon
1,True,"Breeches, Brazen Plunderer",fb6dc94e-9b57-4161-a835-15e46c3bb13a,eb77f7dc-e9e4-44ef-8616-9f4e737e8ca5,lcc,The Lost Caverns of Ixalan Commander,217,normal,{3}{R},4.0,R,R,Legendary Creature — Goblin Pirate,Legendary,Creature,Goblin|Pirate,"Menace
Whenever one or more Pirates you control deal damage to your opponents, exile the top card of each of those opponents' libraries. You may play those cards this turn, and you may spend mana as though it were mana of any color to cast those spells.
Partner (You can have two commanders if both have partner.)",Partner|Menace,3,3,,legal,False,False,https://api.scryfall.com/cards/fb6dc94e-9b57-4161-a835-15e46c3bb13a/rulings,https://scryfall.com/card/lcc/217/breeches-brazen-plunderer?utm_source=api,Svetlin Velinov,uncommon
1,False,Glint-Horn Buccaneer,77ebcca3-fc2c-4a99-b637-110080d5573d,64ad5657-78e9-4f34-8877-18c4f51fff9a,pm20,Core Set 2020 Promos,141p,normal,{1}{R}{R},3.0,R,R,Creature — Minotaur Pirate,,Creature,Minotaur|Pirate,"Haste
Whenever you discard a card, this creature deals 1 damage to each opponent.
{1}{R}, Discard a card: Draw a card. Activate only if this creature is attacking.",Haste,2,4,,legal,False,False,https://api.scryfall.com/cards/77ebcca3-fc2c-4a99-b637-110080d5573d/rulings,https://scryfall.com/card/pm20/141p/glint-horn-buccaneer?utm_source=api,Zack Stella,rare
1,False,Curiosity,fdd040ac-7e96-4082-a2d9-13d7dd26829e,223fa044-d387-4884-bf4e-75f1b61c6a46,a25,Masters 25,52,normal,{U},1.0,U,U,Enchantment — Aura,,Enchantment,Aura,"Enchant creature
Whenever enchanted creature deals damage to an opponent, you may draw a card.",Enchant,,,,legal,False,False,https://api.scryfall.com/cards/fdd040ac-7e96-4082-a2d9-13d7dd26829e/rulings,https://scryfall.com/card/a25/52/curiosity?utm_source=api,Val Mayerik,uncommon
1,False,"Niv-Mizzet, the Firemind",110bc297-06bd-42e2-8ea1-59f6a81e5c53,959acb66-84ca-4535-bca2-ad591895735e,c17,Commander 2017,185,normal,{2}{U}{U}{R}{R},6.0,R|U,R|U,Legendary Creature — Dragon Wizard,Legendary,Creature,Dragon|Wizard,"Flying
Whenever you draw a card, Niv-Mizzet deals 1 damage to any target.
{T}: Draw a card.",Flying,4,4,,legal,False,False,https://api.scryfall.com/cards/110bc297-06bd-42e2-8ea1-59f6a81e5c53/rulings,https://scryfall.com/card/c17/185/niv-mizzet-the-firemind?utm_source=api,Todd Lockwood,rare
1,False,Psychosis Crawler,8fa39403-6de1-4b05-bc95-e24a89b7fdf7,2876e74f-a242-4995-9702-0b737a1ab67a,blc,Bloomburrow Commander,282,normal,{5},5.0,,,Artifact Creature — Phyrexian Horror,,Artifact|Creature,Phyrexian|Horror,"Psychosis Crawler's power and toughness are each equal to the number of cards in your hand.
Whenever you draw a card, each opponent loses 1 life.",,*,*,,legal,False,False,https://api.scryfall.com/cards/8fa39403-6de1-4b05-bc95-e24a89b7fdf7/rulings,https://scryfall.com/card/blc/282/psychosis-crawler?utm_source=api,Stephan Martiniere,rare
1,False,Dualcaster Mage,a3508f2a-a800-4e55-8f65-29bd2f0aefb4,8eb7c0a5-6190-40de-b473-2d1daa3bbe28,c20,Commander 2020,150,normal,{1}{R}{R},3.0,R,R,Creature — Human Wizard,,Creature,Human|Wizard,"Flash
When this creature enters, copy target instant or sorcery spell. You may choose new targets for the copy.",Flash,2,2,,legal,False,False,https://api.scryfall.com/cards/a3508f2a-a800-4e55-8f65-29bd2f0aefb4/rulings,https://scryfall.com/card/c20/150/dualcaster-mage?utm_source=api,Matt Stewart,rare
1,False,Twinflame,85c863ef-b266-410d-87b3-ced791f99966,83cf1169-5853-4332-b897-7b17d72d76ab,soc,Secrets of Strixhaven Commander,258,normal,{1}{R},2.0,R,R,Sorcery,,Sorcery,,"Strive — This spell costs {2}{R} more to cast for each target beyond the first.
Choose any number of target creatures you control. For each of them, create a token that's a copy of that creature, except it has haste. Exile those tokens at the beginning of the next end step.",Strive,,,,legal,False,False,https://api.scryfall.com/cards/85c863ef-b266-410d-87b3-ced791f99966/rulings,https://scryfall.com/card/soc/258/twinflame?utm_source=api,Chase Stone,rare
1,False,Electroduplicate,abb06b1c-5d4e-49b9-9c4a-e60ab656a257,112f2b3f-32e7-40b1-b80e-0b99184a840c,fdn,Foundations,85,normal,{2}{R},3.0,R,R,Sorcery,,Sorcery,,"Create a token that's a copy of target creature you control, except it has haste and ""At the beginning of the end step, sacrifice this token.""
Flashback {2}{R}{R} (You may cast this card from your graveyard for its flashback cost. Then exile it.)",Flashback,,,,legal,False,False,https://api.scryfall.com/cards/abb06b1c-5d4e-49b9-9c4a-e60ab656a257/rulings,https://scryfall.com/card/fdn/85/electroduplicate?utm_source=api,Warren Mahy,rare
1,False,Lightning-Rig Crew,eb4a34ce-94d5-4e4d-97cc-1326cf5241f5,8e0f93d7-7208-4902-bd92-e7bf66d35fef,xln,Ixalan,150,normal,{2}{R},3.0,R,R,Creature — Goblin Pirate,,Creature,Goblin|Pirate,"{T}: This creature deals 1 damage to each opponent.
Whenever you cast a Pirate spell, untap this creature.",,0,5,,legal,False,False,https://api.scryfall.com/cards/eb4a34ce-94d5-4e4d-97cc-1326cf5241f5/rulings,https://scryfall.com/card/xln/150/lightning-rig-crew?utm_source=api,Filip Burburan,uncommon
1,False,Crab Umbra,3fe6e1ce-bc46-4f86-9504-f8cc062ed3c6,7d3d1c90-a5fb-44ff-a85b-27c037ca6753,roe,Rise of the Eldrazi,58,normal,{U},1.0,U,U,Enchantment — Aura,,Enchantment,Aura,"Enchant creature
{2}{U}: Untap enchanted creature.
Umbra armor (If enchanted creature would be destroyed, instead remove all damage from it and destroy this Aura.)",Umbra armor|Enchant,,,,legal,False,False,https://api.scryfall.com/cards/3fe6e1ce-bc46-4f86-9504-f8cc062ed3c6/rulings,https://scryfall.com/card/roe/58/crab-umbra?utm_source=api,Christopher Moeller,uncommon
1,False,Drift of Phantasms,f5388f0c-d7d7-40d7-ae23-589c80ecd881,6ee51134-c4ad-4101-8ce2-23dde9359cd4,plst,The List,RAV-46,normal,{2}{U},3.0,U,U,Creature — Spirit,,Creature,Spirit,"Defender (This creature can't attack.)
Flying
Transmute {1}{U}{U} ({1}{U}{U}, Discard this card: Search your library for a card with the same mana value as this card, reveal it, put it into your hand, then shuffle. Transmute only as a sorcery.)",Flying|Defender|Transmute,0,5,,legal,False,False,https://api.scryfall.com/cards/f5388f0c-d7d7-40d7-ae23-589c80ecd881/rulings,https://scryfall.com/card/plst/RAV-46/drift-of-phantasms?utm_source=api,Michael Phillippi,common
1,False,Muddle the Mixture,e69d760c-48fb-4e7f-8611-547b0c22928c,0826cf7d-7ccc-459b-a92f-29dc169628f8,rvr,Ravnica Remastered,50,normal,{U}{U},2.0,U,U,Instant,,Instant,,"Counter target instant or sorcery spell.
Transmute {1}{U}{U} ({1}{U}{U}, Discard this card: Search your library for a card with the same mana value as this card, reveal it, put it into your hand, then shuffle. Transmute only as a sorcery.)",Transmute,,,,legal,False,False,https://api.scryfall.com/cards/e69d760c-48fb-4e7f-8611-547b0c22928c/rulings,https://scryfall.com/card/rvr/50/muddle-the-mixture?utm_source=api,Luca Zontini,uncommon
1,False,Dizzy Spell,6e0db10d-fb6d-44df-9ff2-6f1e0e8f8209,7de04284-dcaa-4b63-a734-fcfe2698f83c,rav,Ravnica: City of Guilds,43,normal,{U},1.0,U,U,Instant,,Instant,,"Target creature gets -3/-0 until end of turn.
Transmute {1}{U}{U} ({1}{U}{U}, Discard this card: Search your library for a card with the same mana value as this card, reveal it, put it into your hand, then shuffle. Transmute only as a sorcery.)",Transmute,,,,legal,False,False,https://api.scryfall.com/cards/6e0db10d-fb6d-44df-9ff2-6f1e0e8f8209/rulings,https://scryfall.com/card/rav/43/dizzy-spell?utm_source=api,Christopher Moeller,common
1,False,Step Through,c5688978-1744-4986-bda3-09629541b827,c4fa89c7-f00d-42ef-bd67-407a288cd054,mh2,Modern Horizons 2,392,normal,{3}{U}{U},5.0,U,U,Sorcery,,Sorcery,,"Return two target creatures to their owners' hands.
Wizardcycling {2} ({2}, Discard this card: Search your library for a Wizard card, reveal it, put it into your hand, then shuffle.)",Wizardcycling|Typecycling|Cycling,,,,legal,False,False,https://api.scryfall.com/cards/c5688978-1744-4986-bda3-09629541b827/rulings,https://scryfall.com/card/mh2/392/step-through?utm_source=api,Randy Gallegos,common
1,False,Vedalken Aethermage,496eb37d-5c8f-4dd7-a0a7-3ed1bd2210d6,271b37b6-b60b-4687-bd82-ecacf3b66cb3,fut,Future Sight,61,normal,{1}{U},2.0,U,U,Creature — Vedalken Wizard,,Creature,Vedalken|Wizard,"Flash (You may cast this spell any time you could cast an instant.)
When this creature enters, return target Sliver to its owner's hand.
Wizardcycling {3} ({3}, Discard this card: Search your library for a Wizard card, reveal it, put it into your hand, then shuffle.)",Wizardcycling|Typecycling|Flash|Cycling,1,2,,legal,False,False,https://api.scryfall.com/cards/496eb37d-5c8f-4dd7-a0a7-3ed1bd2210d6/rulings,https://scryfall.com/card/fut/61/vedalken-aethermage?utm_source=api,William Simpson,common
1,False,Invert // Invent,054a4e4f-8baa-41cf-b24c-d068e8b9a070,9a378964-2c04-4d60-a905-c819d37ed4c3,grn,Guilds of Ravnica,228,split,{U/R} // {4}{U}{R},7.0,R|U,R|U,Instant // Instant,,Instant|Instant,,,,,,,legal,False,False,https://api.scryfall.com/cards/054a4e4f-8baa-41cf-b24c-d068e8b9a070/rulings,https://scryfall.com/card/grn/228/invert-invent?utm_source=api,Mathias Kollros,uncommon
1,False,Long-Term Plans,7e0422d9-9694-45b6-9c2b-2ca31198cebf,d1dfb359-d8f9-491e-88f7-95193b220200,scg,Scourge,38,normal,{2}{U},3.0,U,U,Instant,,Instant,,"Search your library for a card, then shuffle and put that card third from the top.",,,,,legal,False,False,https://api.scryfall.com/cards/7e0422d9-9694-45b6-9c2b-2ca31198cebf/rulings,https://scryfall.com/card/scg/38/long-term-plans?utm_source=api,Ben Thompson,uncommon
1,False,Siren Stormtamer,72f7375c-2d9b-4738-b539-00e1949980e7,59c7496b-19a2-478b-b28f-6f153c2458ae,xln,Ixalan,79,normal,{U},1.0,U,U,Creature — Siren Pirate Wizard,,Creature,Siren|Pirate|Wizard,"Flying
{U}, Sacrifice this creature: Counter target spell or ability that targets you or a creature you control.",Flying,1,1,,legal,False,False,https://api.scryfall.com/cards/72f7375c-2d9b-4738-b539-00e1949980e7/rulings,https://scryfall.com/card/xln/79/siren-stormtamer?utm_source=api,Josu Hernaiz,uncommon
1,False,Spectral Sailor,3b591fef-21ca-4a3b-990b-d7897a405511,a8fdbcdf-479d-4582-9ad5-9fbd4c740c29,jmp,Jumpstart,178,normal,{U},1.0,U,U,Creature — Spirit Pirate,,Creature,Spirit|Pirate,"Flash (You may cast this spell any time you could cast an instant.)
Flying
{3}{U}: Draw a card.",Flying|Flash,1,1,,legal,False,False,https://api.scryfall.com/cards/3b591fef-21ca-4a3b-990b-d7897a405511/rulings,https://scryfall.com/card/jmp/178/spectral-sailor?utm_source=api,Cristi Balanescu,uncommon
1,False,Storm Fleet Sprinter,41ad8525-7618-4c2b-8037-46f53dd42ee0,8d244f4a-1d62-4697-81c7-fbc4de874add,rix,Rivals of Ixalan,172,normal,{1}{U}{R},3.0,R|U,R|U,Creature — Human Pirate,,Creature,Human|Pirate,"Haste
This creature can't be blocked.",Haste,2,2,,legal,False,False,https://api.scryfall.com/cards/41ad8525-7618-4c2b-8037-46f53dd42ee0/rulings,https://scryfall.com/card/rix/172/storm-fleet-sprinter?utm_source=api,G-host Lee,uncommon
1,False,Wily Goblin,a175b24c-c256-45a8-b24a-6b83e42d5efa,d27ffb4c-3a34-41aa-b464-6b897132c4ea,xln,Ixalan,174,normal,{R}{R},2.0,R,R,Creature — Goblin Pirate,,Creature,Goblin|Pirate,"When this creature enters, create a Treasure token. (It's an artifact with ""{T}, Sacrifice this token: Add one mana of any color."")",Treasure,1,1,,legal,False,False,https://api.scryfall.com/cards/a175b24c-c256-45a8-b24a-6b83e42d5efa/rulings,https://scryfall.com/card/xln/174/wily-goblin?utm_source=api,Steve Prescott,uncommon
1,False,Sol Ring,19911e6e-7c35-4281-b31c-266382f052cc,6ad8011d-3471-4369-9d68-b264cc027487,m3c,Modern Horizons 3 Commander,305,normal,{1},1.0,,,Artifact,,Artifact,,{T}: Add {C}{C}.,,,,,legal,False,False,https://api.scryfall.com/cards/19911e6e-7c35-4281-b31c-266382f052cc/rulings,https://scryfall.com/card/m3c/305/sol-ring?utm_source=api,Mike Bierek,uncommon
1,False,Arcane Signet,ecedbcca-4d71-46ac-a8e5-a1cf8109f4b7,0bc7f093-bef0-4f1a-852c-4b75ebf54838,onc,Phyrexia: All Will Be One Commander,125,normal,{2},2.0,,,Artifact,,Artifact,,{T}: Add one mana of any color in your commander's color identity.,,,,,legal,False,False,https://api.scryfall.com/cards/ecedbcca-4d71-46ac-a8e5-a1cf8109f4b7/rulings,https://scryfall.com/card/onc/125/arcane-signet?utm_source=api,Dan Murayama Scott,common
1,False,Izzet Signet,f823be95-bef4-4e86-a924-239be62394bf,2fda4fe7-8b0c-489c-a000-6d358e614e34,gpt,Guildpact,152,normal,{2},2.0,,R|U,Artifact,,Artifact,,"{1}, {T}: Add {U}{R}.",,,,,legal,False,False,https://api.scryfall.com/cards/f823be95-bef4-4e86-a924-239be62394bf/rulings,https://scryfall.com/card/gpt/152/izzet-signet?utm_source=api,Greg Hildebrandt,common
1,False,Prismatic Lens,ff8768a5-eba6-4585-a59b-19d1036cbfc0,e3056f28-868b-401a-a528-7528d639bdeb,cmm,Commander Masters,403,normal,{2},2.0,,,Artifact,,Artifact,,"{T}: Add {C}.
{1}, {T}: Add one mana of any color.",,,,,legal,False,False,https://api.scryfall.com/cards/ff8768a5-eba6-4585-a59b-19d1036cbfc0/rulings,https://scryfall.com/card/cmm/403/prismatic-lens?utm_source=api,Scott Murphy,common
1,False,Fellwar Stone,385b9f5e-81dd-49f6-a644-59d53245e3dc,95560508-7ac9-4be9-8a3f-3c7d5b52807b,soc,Secrets of Strixhaven Commander,347,normal,{2},2.0,,,Artifact,,Artifact,,{T}: Add one mana of any color that a land an opponent controls could produce.,,,,,legal,False,False,https://api.scryfall.com/cards/385b9f5e-81dd-49f6-a644-59d53245e3dc/rulings,https://scryfall.com/card/soc/347/fellwar-stone?utm_source=api,John Avon,uncommon
1,False,Mind Stone,ecbe852d-4538-41dd-bfce-a134a7bc3022,c97361b5-af16-4a7b-af85-a429dbaf4ad2,khc,Kaldheim Commander,102,normal,{2},2.0,,,Artifact,,Artifact,,"{T}: Add {C}.
{1}, {T}, Sacrifice this artifact: Draw a card.",,,,,legal,False,False,https://api.scryfall.com/cards/ecbe852d-4538-41dd-bfce-a134a7bc3022/rulings,https://scryfall.com/card/khc/102/mind-stone?utm_source=api,Adam Rex,common
1,False,Prismari Command,372d0c0b-439c-413f-aac4-5174c75aadb0,fa3e28b1-131c-4223-81e0-18dfbab22c26,soc,Secrets of Strixhaven Commander,323,normal,{1}{U}{R},3.0,R|U,R|U,Instant,,Instant,,"Choose two —
• Prismari Command deals 2 damage to any target.
• Target player draws two cards, then discards two cards.
• Target player creates a Treasure token.
• Destroy target artifact.",Treasure,,,,legal,False,False,https://api.scryfall.com/cards/372d0c0b-439c-413f-aac4-5174c75aadb0/rulings,https://scryfall.com/card/soc/323/prismari-command?utm_source=api,Johannes Voss,rare
1,False,Commit // Memory,855af9a8-31fc-4290-8204-04ee026f8853,56fd8895-3be2-4591-86fa-87567d9cdc14,lcc,The Lost Caverns of Ixalan Commander,147,split,{3}{U} // {4}{U}{U},10.0,U,U,Instant // Sorcery,,Instant|Sorcery,,,Aftermath,,,,legal,False,False,https://api.scryfall.com/cards/855af9a8-31fc-4290-8204-04ee026f8853/rulings,https://scryfall.com/card/lcc/147/commit-memory?utm_source=api,Ryan Alexander Lee,rare
1,False,Expedite,44072f87-3a99-49dd-9709-85aa83d4819f,3501a839-eef5-44e4-8637-b5754780454e,bbd,Battlebond,177,normal,{R},1.0,R,R,Instant,,Instant,,"Target creature gains haste until end of turn.
Draw a card.",,,,,legal,False,False,https://api.scryfall.com/cards/44072f87-3a99-49dd-9709-85aa83d4819f/rulings,https://scryfall.com/card/bbd/177/expedite?utm_source=api,Kieran Yanner,common
1,False,Opt,58d26b54-0093-4e90-a2b1-b57c64340f9c,713332c1-5bd8-400f-bfff-c1ca0697a043,fdn,Foundations,512,normal,{U},1.0,U,U,Instant,,Instant,,"Scry 1. (Look at the top card of your library. You may put that card on the bottom.)
Draw a card.",Scry,,,,legal,False,False,https://api.scryfall.com/cards/58d26b54-0093-4e90-a2b1-b57c64340f9c/rulings,https://scryfall.com/card/fdn/512/opt?utm_source=api,Tyler Jacobson,common
1,False,Sleight of Hand,80dea5c0-ada3-488a-9f2b-f895b92c762f,05a039ad-1689-4d13-b393-6c1219583b5d,woe,Wilds of Eldraine,67,normal,{U},1.0,U,U,Sorcery,,Sorcery,,Look at the top two cards of your library. Put one of them into your hand and the other on the bottom of your library.,,,,,legal,False,False,https://api.scryfall.com/cards/80dea5c0-ada3-488a-9f2b-f895b92c762f/rulings,https://scryfall.com/card/woe/67/sleight-of-hand?utm_source=api,Scott Murphy,common
1,False,Faithless Looting,57102ba6-79ab-4487-a62a-926b30682421,3d6fa57a-aa53-4b5c-b8af-a7612c823117,ltc,Tales of Middle-earth Commander,215,normal,{R},1.0,R,R,Sorcery,,Sorcery,,"Draw two cards, then discard two cards.
Flashback {2}{R} (You may cast this card from your graveyard for its flashback cost. Then exile it.)",Flashback,,,,legal,False,False,https://api.scryfall.com/cards/57102ba6-79ab-4487-a62a-926b30682421/rulings,https://scryfall.com/card/ltc/215/faithless-looting?utm_source=api,Miklós Ligeti,common
1,False,Frantic Search,a1c71f3e-16be-492a-8a3e-5911867270bd,16e015b2-f8a3-4b1a-80be-58a8f5fb5e8c,tdc,Tarkir: Dragonstorm Commander,153,normal,{2}{U},3.0,U,U,Instant,,Instant,,"Draw two cards, then discard two cards. Untap up to three lands.",,,,,legal,False,False,https://api.scryfall.com/cards/a1c71f3e-16be-492a-8a3e-5911867270bd/rulings,https://scryfall.com/card/tdc/153/frantic-search?utm_source=api,Mitchell Malloy,common
1,False,Impulse,5aec2b2c-0764-4869-814d-aad921122af9,f6bd2902-7f8b-419e-bbc7-bcab0c1b7e01,dmu,Dominaria United,55,normal,{1}{U},2.0,U,U,Instant,,Instant,,Look at the top four cards of your library. Put one of them into your hand and the rest on the bottom of your library in any order.,,,,,legal,False,False,https://api.scryfall.com/cards/5aec2b2c-0764-4869-814d-aad921122af9/rulings,https://scryfall.com/card/dmu/55/impulse?utm_source=api,Sam Guay,common
1,False,Chart a Course,98f091ee-70c5-4878-9b11-43df85e1d5de,05878e49-93ad-4144-9c50-a0bb86126c2e,plst,The List,XLN-48,normal,{1}{U},2.0,U,U,Sorcery,,Sorcery,,Draw two cards. Then discard a card unless you attacked this turn.,,,,,legal,False,False,https://api.scryfall.com/cards/98f091ee-70c5-4878-9b11-43df85e1d5de/rulings,https://scryfall.com/card/plst/XLN-48/chart-a-course?utm_source=api,James Ryman,uncommon
1,False,Fact or Fiction,d617970e-e33a-481c-bbae-5ed5197d9a1c,437b2dab-15e0-4b9a-a204-58622d37a3b3,znc,Zendikar Rising Commander,25,normal,{3}{U},4.0,U,U,Instant,,Instant,,Reveal the top five cards of your library. An opponent separates those cards into two piles. Put one pile into your hand and the other into your graveyard.,,,,,legal,False,False,https://api.scryfall.com/cards/d617970e-e33a-481c-bbae-5ed5197d9a1c/rulings,https://scryfall.com/card/znc/25/fact-or-fiction?utm_source=api,Matt Cavotta,uncommon
1,False,Arcane Denial,0baad613-6c5b-4b5e-a784-b43f2acaf689,ab1cc360-b9de-48d9-9983-4dfe4a7d2a37,drc,Aetherdrift Commander,70,normal,{1}{U},2.0,U,U,Instant,,Instant,,"Counter target spell. Its controller may draw up to two cards at the beginning of the next turn's upkeep.
You draw a card at the beginning of the next turn's upkeep.",,,,,legal,False,False,https://api.scryfall.com/cards/0baad613-6c5b-4b5e-a784-b43f2acaf689/rulings,https://scryfall.com/card/drc/70/arcane-denial?utm_source=api,Xi Zhang,common
1,False,Negate,fbd28be5-c493-433a-a19f-cace2214b83e,3407fe41-fdd3-4119-8f70-4bc4590a379f,bbd,Battlebond,123,normal,{1}{U},2.0,U,U,Instant,,Instant,,Counter target noncreature spell.,,,,,legal,False,False,https://api.scryfall.com/cards/fbd28be5-c493-433a-a19f-cace2214b83e/rulings,https://scryfall.com/card/bbd/123/negate?utm_source=api,Zack Stella,common
1,False,Dispel,bceab6b3-6b64-4964-a501-ce806a6c13ad,6d7be242-a072-40ce-b540-95880506cccd,bfz,Battle for Zendikar,76,normal,{U},1.0,U,U,Instant,,Instant,,Counter target instant spell.,,,,,legal,False,False,https://api.scryfall.com/cards/bceab6b3-6b64-4964-a501-ce806a6c13ad/rulings,https://scryfall.com/card/bfz/76/dispel?utm_source=api,Chase Stone,common
1,False,Spell Pierce,53d4fd57-74b6-42c7-88b1-110e5a8dfc3c,d64b0848-0193-4025-ba62-63ecd8fb9f50,mm3,Modern Masters 2017,51,normal,{U},1.0,U,U,Instant,,Instant,,Counter target noncreature spell unless its controller pays {2}.,,,,,legal,False,False,https://api.scryfall.com/cards/53d4fd57-74b6-42c7-88b1-110e5a8dfc3c/rulings,https://scryfall.com/card/mm3/51/spell-pierce?utm_source=api,Vance Kovacs,common
1,False,Wash Away,43411ade-be80-4535-8baa-7055e78496df,a4630da0-fe9b-4ead-9621-eac4b7825c35,vow,Innistrad: Crimson Vow,87,normal,{U},1.0,U,U,Instant,,Instant,,"Cleave {1}{U}{U} (You may cast this spell for its cleave cost. If you do, remove the words in square brackets.)
Counter target spell [that wasn't cast from its owner's hand].",Cleave,,,,legal,False,False,https://api.scryfall.com/cards/43411ade-be80-4535-8baa-7055e78496df/rulings,https://scryfall.com/card/vow/87/wash-away?utm_source=api,Brian Valeza,uncommon
1,False,Change the Equation,e98db9ed-b43f-4bc1-b7a9-ce03a534d992,aba7e9e2-8df8-454e-a332-9abae1d95b6f,mom,March of the Machine,50,normal,{1}{U},2.0,U,U,Instant,,Instant,,"Choose one —
• Counter target spell with mana value 2 or less.
• Counter target red or green spell with mana value 6 or less.",,,,,legal,False,False,https://api.scryfall.com/cards/e98db9ed-b43f-4bc1-b7a9-ce03a534d992/rulings,https://scryfall.com/card/mom/50/change-the-equation?utm_source=api,Alix Branwyn,uncommon
1,False,Syncopate,ba6f218f-83b0-4b68-a00f-0327cd79f32a,318f7f70-e374-40ef-8afb-3389c10461d8,rtr,Return to Ravnica,54,normal,{X}{U},1.0,U,U,Instant,,Instant,,"Counter target spell unless its controller pays {X}. If that spell is countered this way, exile it instead of putting it into its owner's graveyard.",,,,,legal,False,False,https://api.scryfall.com/cards/ba6f218f-83b0-4b68-a00f-0327cd79f32a/rulings,https://scryfall.com/card/rtr/54/syncopate?utm_source=api,Clint Cearley,uncommon
1,False,Lazotep Plating,548a76ed-8dd1-4e1c-8cfe-d37f1b4b0376,ba0082fb-2d4c-489e-8140-93a6fa693fd0,plst,The List,WAR-59,normal,{1}{U},2.0,U,U,Instant,,Instant,,"Amass Zombies 1. (Put a +1/+1 counter on an Army you control. It's also a Zombie. If you don't control an Army, create a 0/0 black Zombie Army creature token first.)
You and permanents you control gain hexproof until end of turn. (You and they can't be the targets of spells or abilities your opponents control.)",Amass,,,,legal,False,False,https://api.scryfall.com/cards/548a76ed-8dd1-4e1c-8cfe-d37f1b4b0376/rulings,https://scryfall.com/card/plst/WAR-59/lazotep-plating?utm_source=api,Yeong-Hao Han,uncommon
1,False,Reality Ripple,c5b94eed-2a45-4a6b-a06b-a2021b174bc5,504d5c29-7c37-4c31-8549-2a49eeef74c8,mir,Mirage,87,normal,{1}{U},2.0,U,U,Instant,,Instant,,"Target artifact, creature, or land phases out. (While it's phased out, it's treated as though it doesn't exist. It phases in before its controller untaps during their next untap step.)",,,,,legal,False,False,https://api.scryfall.com/cards/c5b94eed-2a45-4a6b-a06b-a2021b174bc5/rulings,https://scryfall.com/card/mir/87/reality-ripple?utm_source=api,Alan Rabinowitz,common
1,False,Fading Hope,c2fb1fff-12be-4bd5-8dba-c36e84d49651,64883ef2-c536-42e2-b52f-cfd1984fcdfd,mid,Innistrad: Midnight Hunt,51,normal,{U},1.0,U,U,Instant,,Instant,,"Return target creature to its owner's hand. If its mana value was 3 or less, scry 1. (Look at the top card of your library. You may put that card on the bottom.)",Scry,,,,legal,False,False,https://api.scryfall.com/cards/c2fb1fff-12be-4bd5-8dba-c36e84d49651/rulings,https://scryfall.com/card/mid/51/fading-hope?utm_source=api,Rovina Cai,uncommon
1,False,Ravenform,2c2cfcd7-b43a-4dad-a033-e661f55ceecd,d3d61a6a-7870-44df-92e5-513dac2c2c3e,khm,Kaldheim,72,normal,{2}{U},3.0,U,U,Sorcery,,Sorcery,,"Exile target artifact or creature. Its controller creates a 1/1 blue Bird creature token with flying.
Foretell {U} (During your turn, you may pay {2} and exile this card from your hand face down. Cast it on a later turn for its foretell cost.)",Foretell,,,,legal,False,False,https://api.scryfall.com/cards/2c2cfcd7-b43a-4dad-a033-e661f55ceecd/rulings,https://scryfall.com/card/khm/72/ravenform?utm_source=api,Anna Steinbauer,common
1,False,Reality Shift,363d4c8e-f7bb-4838-a543-625f71a41257,70dc830e-d05b-4fc7-88dd-879e140b3fbf,nec,Neon Dynasty Commander,95,normal,{1}{U},2.0,U,U,Instant,,Instant,,"Exile target creature. Its controller manifests the top card of their library. (That player puts the top card of their library onto the battlefield face down as a 2/2 creature. If it's a creature card, it can be turned face up any time for its mana cost.)",Manifest,,,,legal,False,False,https://api.scryfall.com/cards/363d4c8e-f7bb-4838-a543-625f71a41257/rulings,https://scryfall.com/card/nec/95/reality-shift?utm_source=api,Howard Lyon,uncommon
1,False,Resculpt,5443f46d-03f9-468e-a78d-a059529b1151,814e321d-16fd-4f7b-a8d8-2b089be76f2c,soc,Secrets of Strixhaven Commander,201,normal,{1}{U},2.0,U,U,Instant,,Instant,,Exile target artifact or creature. Its controller creates a 4/4 blue and red Elemental creature token.,,,,,legal,False,False,https://api.scryfall.com/cards/5443f46d-03f9-468e-a78d-a059529b1151/rulings,https://scryfall.com/card/soc/201/resculpt?utm_source=api,Torstein Nordstrand,common
1,False,Abrade,1add1757-c1f8-448a-b279-c6940fb7ad5f,f9db72dc-9a5b-48a4-a86e-7464d9a2166a,soc,Secrets of Strixhaven Commander,234,normal,{1}{R},2.0,R,R,Instant,,Instant,,"Choose one —
• Abrade deals 3 damage to target creature.
• Destroy target artifact.",,,,,legal,False,False,https://api.scryfall.com/cards/1add1757-c1f8-448a-b279-c6940fb7ad5f/rulings,https://scryfall.com/card/soc/234/abrade?utm_source=api,Jonas De Ro,uncommon
1,False,Into the Roil,25edefa9-9fff-4b71-83ae-696c196a795c,c2898bbd-82a4-4d26-b6ee-169b0ebe71b4,fdn,Foundations,509,normal,{1}{U},2.0,U,U,Instant,,Instant,,"Kicker {1}{U} (You may pay an additional {1}{U} as you cast this spell.)
Return target nonland permanent to its owner's hand. If this spell was kicked, draw a card.",Kicker,,,,legal,False,False,https://api.scryfall.com/cards/25edefa9-9fff-4b71-83ae-696c196a795c/rulings,https://scryfall.com/card/fdn/509/into-the-roil?utm_source=api,Campbell White,common
1,False,Curse of the Swine,91eb9067-0bc7-4497-ba9c-c1ea41e5a379,5669ea7c-c4fc-494c-896b-4bce9b494817,soc,Secrets of Strixhaven Commander,192,normal,{X}{U}{U},2.0,U,U,Sorcery,,Sorcery,,"Exile X target creatures. For each creature exiled this way, its controller creates a 2/2 green Boar creature token.",,,,,legal,False,False,https://api.scryfall.com/cards/91eb9067-0bc7-4497-ba9c-c1ea41e5a379/rulings,https://scryfall.com/card/soc/192/curse-of-the-swine?utm_source=api,James Ryman,rare
1,False,Vandalblast,9b5a8df2-2bc0-408c-a9d2-e70c0f56642d,3567c3c8-b3c7-45b7-935b-b1fdbc973720,fic,Final Fantasy Commander,298,normal,{R},1.0,R,R,Sorcery,,Sorcery,,"Destroy target artifact you don't control.
Overload {4}{R} (You may cast this spell for its overload cost. If you do, change ""target"" in its text to ""each."")",Overload,,,,legal,False,False,https://api.scryfall.com/cards/9b5a8df2-2bc0-408c-a9d2-e70c0f56642d/rulings,https://scryfall.com/card/fic/298/vandalblast?utm_source=api,Hendry Iwanaga,uncommon
1,False,By Force,66cdfdb2-b47f-446d-9850-8581bd1d806c,7ce950fb-e065-45d3-aeff-f8c475460754,akh,Amonkhet,123,normal,{X}{R},1.0,R,R,Sorcery,,Sorcery,,Destroy X target artifacts.,,,,,legal,False,False,https://api.scryfall.com/cards/66cdfdb2-b47f-446d-9850-8581bd1d806c/rulings,https://scryfall.com/card/akh/123/by-force?utm_source=api,Magali Villeneuve,uncommon
1,False,Rebuild,fd683b0b-1ac1-4fa7-9657-d3b29db2ae51,496999a7-a82a-45ea-9c4e-1b6aabc781cd,mh1,Modern Horizons,66,normal,{2}{U},3.0,U,U,Instant,,Instant,,"Return all artifacts to their owners' hands.
Cycling {2} ({2}, Discard this card: Draw a card.)",Cycling,,,,legal,False,False,https://api.scryfall.com/cards/fd683b0b-1ac1-4fa7-9657-d3b29db2ae51/rulings,https://scryfall.com/card/mh1/66/rebuild?utm_source=api,Lindsey Look,uncommon
1,False,Brotherhood's End,50f7666d-0d60-4fe5-b144-286d4e47b704,fe7bf8ca-88ae-4c6d-8d71-ef170a87c0d0,bro,The Brothers' War,128,normal,{1}{R}{R},3.0,R,R,Sorcery,,Sorcery,,"Choose one —
• Brotherhood's End deals 3 damage to each creature and each planeswalker.
• Destroy all artifacts with mana value 3 or less.",,,,,legal,False,False,https://api.scryfall.com/cards/50f7666d-0d60-4fe5-b144-286d4e47b704/rulings,https://scryfall.com/card/bro/128/brotherhoods-end?utm_source=api,Bryan Sola,rare
1,False,Fiery Cannonade,664d21c9-4b6c-4797-845f-7bca79c2b76b,7e108b31-2ea3-4129-b324-a2d31c78bbe6,xln,Ixalan,143,normal,{2}{R},3.0,R,R,Instant,,Instant,,Fiery Cannonade deals 2 damage to each non-Pirate creature.,,,,,legal,False,False,https://api.scryfall.com/cards/664d21c9-4b6c-4797-845f-7bca79c2b76b/rulings,https://scryfall.com/card/xln/143/fiery-cannonade?utm_source=api,Ben Wootten,uncommon
1,False,Aetherize,ead56c6e-889c-48d9-87bb-9f80e5bac9b3,7c779721-cd1b-4696-9ae9-68ccc284ed2a,scd,Starter Commander Decks,42,normal,{3}{U},4.0,U,U,Instant,,Instant,,Return all attacking creatures to their owner's hand.,,,,,legal,False,False,https://api.scryfall.com/cards/ead56c6e-889c-48d9-87bb-9f80e5bac9b3/rulings,https://scryfall.com/card/scd/42/aetherize?utm_source=api,Ryan Barger,uncommon
1,False,Introduction to Annihilation,b0bc4682-bcaf-4f51-be0b-9f2851a16e3b,60e36f86-e284-468e-8073-07f19a3ed65e,stx,Strixhaven: School of Mages,3,normal,{5},5.0,,,Sorcery — Lesson,,Sorcery,Lesson,Exile target nonland permanent. Its controller draws a card.,,,,,legal,False,False,https://api.scryfall.com/cards/b0bc4682-bcaf-4f51-be0b-9f2851a16e3b/rulings,https://scryfall.com/card/stx/3/introduction-to-annihilation?utm_source=api,Nicholas Gregory,common
1,False,Echoing Truth,490c1af2-5ec1-45cf-aa51-959eea94948b,ef100544-3e6d-4661-a1d1-8b02e58c059c,plst,The List,DMC-109,normal,{1}{U},2.0,U,U,Instant,,Instant,,Return target nonland permanent and all other permanents with the same name as that permanent to their owners' hands.,,,,,legal,False,False,https://api.scryfall.com/cards/490c1af2-5ec1-45cf-aa51-959eea94948b/rulings,https://scryfall.com/card/plst/DMC-109/echoing-truth?utm_source=api,Greg Staples,common
1,False,Soul-Guide Lantern,6a0f5301-0af9-496d-b55d-6bb5518b009c,1b5e6560-ff2e-4475-96cb-63f64c8a86db,drc,Aetherdrift Commander,139,normal,{1},1.0,,,Artifact,,Artifact,,"When this artifact enters, exile target card from a graveyard.
{T}, Sacrifice this artifact: Exile each opponent's graveyard.
{1}, {T}, Sacrifice this artifact: Draw a card.",,,,,legal,False,False,https://api.scryfall.com/cards/6a0f5301-0af9-496d-b55d-6bb5518b009c/rulings,https://scryfall.com/card/drc/139/soul-guide-lantern?utm_source=api,Cliff Childs,uncommon
1,False,Sentinel Totem,0d8097eb-518a-4b8e-8d6a-a139d4ddcc8f,5432bd43-e92c-464b-9ad2-3515f3042799,xln,Ixalan,245,normal,{1},1.0,,,Artifact,,Artifact,,"When this artifact enters, scry 1. (Look at the top card of your library. You may put that card on the bottom.)
{T}, Exile this artifact: Exile all graveyards.",Scry,,,,legal,False,False,https://api.scryfall.com/cards/0d8097eb-518a-4b8e-8d6a-a139d4ddcc8f/rulings,https://scryfall.com/card/xln/245/sentinel-totem?utm_source=api,Anthony Palumbo,uncommon
1,False,Command Tower,98e819e5-573c-49d3-87d7-9abd60532e71,0895c9b7-ae7d-4bb3-af17-3b75deb50a25,who,Doctor Who,266,normal,,0.0,,,Land,,Land,,{T}: Add one mana of any color in your commander's color identity.,,,,,legal,False,False,https://api.scryfall.com/cards/98e819e5-573c-49d3-87d7-9abd60532e71/rulings,https://scryfall.com/card/who/266/command-tower?utm_source=api,Henry Peters,common
1,False,Exotic Orchard,7db2934a-43a0-46ad-8380-ff6703f8fd6d,27b047e3-0d41-45e2-98e9-9391d7923a1e,soc,Secrets of Strixhaven Commander,369,normal,,0.0,,,Land,,Land,,{T}: Add one mana of any color that a land an opponent controls could produce.,,,,,legal,False,False,https://api.scryfall.com/cards/7db2934a-43a0-46ad-8380-ff6703f8fd6d/rulings,https://scryfall.com/card/soc/369/exotic-orchard?utm_source=api,Ron Spears,rare
1,False,Shivan Reef,6fc5d0a1-8c29-4961-8567-d1ccc3669a32,0fe16212-66c3-4e45-a641-7391e9b2e304,m3c,Modern Horizons 3 Commander,375,normal,,0.0,,R|U,Land,,Land,,"{T}: Add {C}.
{T}: Add {U} or {R}. This land deals 1 damage to you.",,,,,legal,False,False,https://api.scryfall.com/cards/6fc5d0a1-8c29-4961-8567-d1ccc3669a32/rulings,https://scryfall.com/card/m3c/375/shivan-reef?utm_source=api,Andrew Mar,rare
1,False,Cascade Bluffs,51e0191b-9cd3-466c-8ff8-94c7872746f5,f1603384-4361-49c9-98aa-7785fc3504c4,tdc,Tarkir: Dragonstorm Commander,345,normal,,0.0,,R|U,Land,,Land,,"{T}: Add {C}.
{U/R}, {T}: Add {U}{U}, {U}{R}, or {R}{R}.",,,,,legal,False,False,https://api.scryfall.com/cards/51e0191b-9cd3-466c-8ff8-94c7872746f5/rulings,https://scryfall.com/card/tdc/345/cascade-bluffs?utm_source=api,Brandon Kitkouski,rare
1,False,Temple of Epiphany,b19b775a-45ed-47a3-a470-d2a9a4722d74,79f94050-d850-41ca-b1db-5ae0cf743f0a,m3c,Modern Horizons 3 Commander,387,normal,,0.0,,R|U,Land,,Land,,"This land enters tapped.
When this land enters, scry 1. (Look at the top card of your library. You may put that card on the bottom.)
{T}: Add {U} or {R}.",Scry,,,,legal,False,False,https://api.scryfall.com/cards/b19b775a-45ed-47a3-a470-d2a9a4722d74/rulings,https://scryfall.com/card/m3c/387/temple-of-epiphany?utm_source=api,Adam Paquette,rare
1,False,Izzet Boilerworks,af8535f9-463e-4963-94db-db0e22605275,1cb9d94a-3039-4f2e-8fcc-6996f9a45f74,m3c,Modern Horizons 3 Commander,350,normal,,0.0,,R|U,Land,,Land,,"This land enters tapped.
When this land enters, return a land you control to its owner's hand.
{T}: Add {U}{R}.",,,,,legal,False,False,https://api.scryfall.com/cards/af8535f9-463e-4963-94db-db0e22605275/rulings,https://scryfall.com/card/m3c/350/izzet-boilerworks?utm_source=api,John Avon,uncommon
1,False,Frostboil Snarl,faa52a92-18ce-46f9-b360-3477b6e78234,7137aae6-260d-41de-8b4e-42a8cf752697,lcc,The Lost Caverns of Ixalan Commander,332,normal,,0.0,,R|U,Land,,Land,,"As this land enters, you may reveal an Island or Mountain card from your hand. If you don't, this land enters tapped.
{T}: Add {U} or {R}.",,,,,legal,False,False,https://api.scryfall.com/cards/faa52a92-18ce-46f9-b360-3477b6e78234/rulings,https://scryfall.com/card/lcc/332/frostboil-snarl?utm_source=api,Sam Burley,rare
1,False,Thriving Isle,48ffa526-85a6-4a1e-a495-b5c5322244d8,69fc70b8-b143-4662-ac95-e2743037239d,j25,Foundations Jumpstart,778,normal,,0.0,,U,Land,,Land,,"This land enters tapped. As it enters, choose a color other than blue.
{T}: Add {U} or one mana of the chosen color.",,,,,legal,False,False,https://api.scryfall.com/cards/48ffa526-85a6-4a1e-a495-b5c5322244d8/rulings,https://scryfall.com/card/j25/778/thriving-isle?utm_source=api,Jonas De Ro,common
1,False,Ash Barrens,8720542c-965e-4a98-9de8-7e97ac20966f,58257464-278e-45fa-8e0b-bcd9a7500bc1,m3c,Modern Horizons 3 Commander,318,normal,,0.0,,,Land,,Land,,"{T}: Add {C}.
Basic landcycling {1} ({1}, Discard this card: Search your library for a basic land card, reveal it, put it into your hand, then shuffle.)",Landcycling|Basic landcycling|Typecycling|Cycling,,,,legal,False,False,https://api.scryfall.com/cards/8720542c-965e-4a98-9de8-7e97ac20966f/rulings,https://scryfall.com/card/m3c/318/ash-barrens?utm_source=api,Jonas De Ro,common
1,False,Evolving Wilds,351f791c-4bee-4fce-aee4-d0214ca0c945,a75445d3-1303-4bb5-89ad-26ea93fecd48,fic,Final Fantasy Commander,389,normal,,0.0,,,Land,,Land,,"{T}, Sacrifice this land: Search your library for a basic land card, put it onto the battlefield tapped, then shuffle.",,,,,legal,False,False,https://api.scryfall.com/cards/351f791c-4bee-4fce-aee4-d0214ca0c945/rulings,https://scryfall.com/card/fic/389/evolving-wilds?utm_source=api,Jeremy Paillotin,common
1,False,Terramorphic Expanse,c7daa923-6bd9-4315-a483-840021b745dd,1bd3e453-aa21-4ee6-95c2-d6d920ee8e7a,c17,Commander 2017,285,normal,,0.0,,,Land,,Land,,"{T}, Sacrifice this land: Search your library for a basic land card, put it onto the battlefield tapped, then shuffle.",,,,,legal,False,False,https://api.scryfall.com/cards/c7daa923-6bd9-4315-a483-840021b745dd/rulings,https://scryfall.com/card/c17/285/terramorphic-expanse?utm_source=api,Dan Murayama Scott,common
1,False,Scavenger Grounds,a5c42d13-3ef6-4baf-81d0-766a6df1e712,5ece7d03-9ee7-4953-a06e-9d8e41874903,cmm,Commander Masters,1027,normal,,0.0,,,Land — Desert,,Land,Desert,"{T}: Add {C}.
{2}, {T}, Sacrifice a Desert: Exile all graveyards.",,,,,legal,False,False,https://api.scryfall.com/cards/a5c42d13-3ef6-4baf-81d0-766a6df1e712/rulings,https://scryfall.com/card/cmm/1027/scavenger-grounds?utm_source=api,Steven Belledin,rare
1,False,Demolition Field,0c7e51b6-4898-4632-b39c-3ce438caa882,93953926-a644-49bb-9b5a-4c8f19114c7e,fdn,Foundations,687,normal,,0.0,,,Land,,Land,,"{T}: Add {C}.
{2}, {T}, Sacrifice this land: Destroy target nonbasic land an opponent controls. That land's controller may search their library for a basic land card, put it onto the battlefield, then shuffle. You may search your library for a basic land card, put it onto the battlefield, then shuffle.",,,,,legal,False,False,https://api.scryfall.com/cards/0c7e51b6-4898-4632-b39c-3ce438caa882/rulings,https://scryfall.com/card/fdn/687/demolition-field?utm_source=api,Kamila Szutenberg,uncommon
1,False,Path of Ancestry,4898fba1-d692-4440-bfff-ae535bdc1ba8,b473e293-59e3-4e04-acf2-622604aeb25f,drc,Aetherdrift Commander,166,normal,,0.0,,,Land,,Land,,"This land enters tapped.
{T}: Add one mana of any color in your commander's color identity. When that mana is spent to cast a creature spell that shares a creature type with your commander, scry 1. (Look at the top card of your library. You may put that card on the bottom.)",Scry,,,,legal,False,False,https://api.scryfall.com/cards/4898fba1-d692-4440-bfff-ae535bdc1ba8/rulings,https://scryfall.com/card/drc/166/path-of-ancestry?utm_source=api,Alayna Danner,common
12,False,Island,6f534ddc-f610-45cd-84dc-bb6df6c5a84f,b2c6aa39-2d2a-459c-a555-fb48ba993373,fdn,Foundations,285,normal,,0.0,,U,Basic Land — Island,Basic,Land,Island,({T}: Add {U}.),,,,,legal,False,False,https://api.scryfall.com/cards/6f534ddc-f610-45cd-84dc-bb6df6c5a84f/rulings,https://scryfall.com/card/fdn/285/island?utm_source=api,Adam Paquette,common
10,False,Mountain,3a3afd00-da06-4a9f-8cd1-7133728e0fdd,a3fb7228-e76b-4e96-a40e-20b5fed75685,fdn,Foundations,288,normal,,0.0,,R,Basic Land — Mountain,Basic,Land,Mountain,({T}: Add {R}.),,,,,legal,False,False,https://api.scryfall.com/cards/3a3afd00-da06-4a9f-8cd1-7133728e0fdd/rulings,https://scryfall.com/card/fdn/288/mountain?utm_source=api,Dan Murayama Scott,common
